archivo,startX,endX,startY,endY,clase
airplanes_0001,49,349,30,137,avion
airplanes_0002,59,342,35,153,avion
airplanes_0003,47,331,36,135,avion
airplanes_0004,47,342,24,141,avion
airplanes_0005,48,339,18,146,avion
airplanes_0006,48,344,24,126,avion
airplanes_0007,49,344,23,122,avion
airplanes_0008,51,344,29,119,avion
airplanes_0009,50,344,29,137,avion
airplanes_0010,55,335,32,106,avion
airplanes_0011,58,344,35,130,avion
airplanes_0012,49,344,25,122,avion
airplanes_0013,48,344,31,146,avion
airplanes_0014,55,349,37,121,avion
airplanes_0015,61,353,39,163,avion
airplanes_0016,59,327,54,137,avion
airplanes_0017,62,347,37,143,avion
airplanes_0018,57,348,33,147,avion
airplanes_0019,51,341,33,146,avion
airplanes_0020,45,345,31,165,avion
airplanes_0021,48,347,28,129,avion
airplanes_0022,49,344,30,130,avion
airplanes_0023,50,341,23,121,avion
airplanes_0024,48,344,25,106,avion
airplanes_0025,56,342,31,140,avion
airplanes_0026,59,337,30,127,avion
airplanes_0027,53,348,25,123,avion
airplanes_0028,54,346,29,114,avion
airplanes_0029,56,348,29,119,avion
airplanes_0030,47,354,15,161,avion
airplanes_0031,58,347,41,197,avion
airplanes_0032,50,342,29,119,avion
airplanes_0033,49,339,29,133,avion
airplanes_0034,58,340,28,122,avion
airplanes_0035,49,332,17,128,avion
airplanes_0036,49,347,6,166,avion
airplanes_0037,51,345,33,138,avion
airplanes_0038,47,347,4,106,avion
airplanes_0039,46,335,20,147,avion
airplanes_0040,47,344,29,146,avion
airplanes_0041,48,335,30,138,avion
airplanes_0042,52,336,31,154,avion
airplanes_0043,61,337,39,128,avion
airplanes_0044,63,333,29,132,avion
airplanes_0045,44,339,35,156,avion
airplanes_0046,61,346,24,148,avion
airplanes_0047,58,336,24,151,avion
airplanes_0048,54,332,29,124,avion
airplanes_0049,57,347,39,175,avion
airplanes_0050,61,338,42,126,avion
airplanes_0051,52,344,32,174,avion
airplanes_0052,57,347,23,143,avion
airplanes_0053,52,345,42,137,avion
airplanes_0054,63,324,43,169,avion
airplanes_0055,53,344,27,115,avion
airplanes_0056,71,326,28,116,avion
airplanes_0057,49,332,52,141,avion
airplanes_0058,39,342,39,149,avion
airplanes_0059,53,341,5,180,avion
airplanes_0060,54,339,17,127,avion
airplanes_0061,51,336,46,122,avion
airplanes_0062,55,346,43,126,avion
airplanes_0063,46,342,31,124,avion
airplanes_0064,46,342,37,140,avion
airplanes_0065,50,345,30,125,avion
airplanes_0066,52,344,39,109,avion
airplanes_0067,44,343,25,150,avion
airplanes_0068,49,339,30,144,avion
airplanes_0069,59,343,32,147,avion
airplanes_0070,58,345,34,156,avion
airplanes_0071,54,360,42,152,avion
airplanes_0072,59,341,78,171,avion
airplanes_0073,48,295,30,111,avion
airplanes_0074,51,346,27,100,avion
airplanes_0075,66,357,32,112,avion
airplanes_0076,49,342,33,147,avion
airplanes_0077,40,347,27,128,avion
airplanes_0078,46,337,23,159,avion
airplanes_0079,54,338,29,133,avion
airplanes_0080,55,341,32,139,avion
airplanes_0081,60,336,31,124,avion
airplanes_0082,55,345,22,140,avion
airplanes_0083,51,335,16,148,avion
airplanes_0084,60,349,44,144,avion
airplanes_0085,51,343,15,144,avion
airplanes_0086,50,344,32,112,avion
airplanes_0087,48,341,50,151,avion
airplanes_0088,57,354,52,146,avion
airplanes_0089,46,347,7,148,avion
airplanes_0090,57,343,32,163,avion
airplanes_0091,48,345,28,146,avion
airplanes_0092,54,349,32,160,avion
airplanes_0093,46,343,31,125,avion
airplanes_0094,54,346,24,110,avion
airplanes_0095,52,346,28,131,avion
airplanes_0096,52,329,41,138,avion
airplanes_0097,52,343,28,158,avion
airplanes_0098,69,339,11,164,avion
airplanes_0099,48,344,31,162,avion
airplanes_0100,46,343,8,167,avion
airplanes_0101,48,348,4,165,avion
airplanes_0102,49,343,25,109,avion
airplanes_0103,46,347,28,109,avion
airplanes_0104,53,344,13,184,avion
airplanes_0105,44,349,41,165,avion
airplanes_0106,48,352,31,152,avion
airplanes_0107,52,343,39,147,avion
airplanes_0108,56,345,10,127,avion
airplanes_0109,53,342,33,131,avion
airplanes_0110,54,345,13,138,avion
airplanes_0111,58,339,34,132,avion
airplanes_0112,62,339,22,139,avion
airplanes_0113,49,328,28,122,avion
airplanes_0114,45,342,38,159,avion
airplanes_0115,50,341,37,151,avion
airplanes_0116,52,336,31,139,avion
airplanes_0117,52,348,28,142,avion
airplanes_0118,104,126,38,38,avion
airplanes_0119,46,343,7,97,avion
airplanes_0120,42,351,24,136,avion
airplanes_0121,32,349,32,156,avion
airplanes_0122,61,355,38,139,avion
airplanes_0123,57,351,32,125,avion
airplanes_0124,51,348,33,117,avion
airplanes_0125,33,349,38,118,avion
airplanes_0126,56,346,35,117,avion
airplanes_0127,60,344,25,128,avion
airplanes_0128,64,351,27,123,avion
airplanes_0129,66,362,41,132,avion
airplanes_0130,45,342,30,118,avion
airplanes_0131,61,349,31,135,avion
airplanes_0132,56,344,33,111,avion
airplanes_0133,53,335,63,138,avion
airplanes_0134,42,343,27,99,avion
airplanes_0135,66,357,53,141,avion
airplanes_0136,35,346,28,142,avion
airplanes_0137,38,351,31,95,avion
airplanes_0138,42,345,25,95,avion
airplanes_0139,41,346,26,98,avion
airplanes_0140,41,345,25,94,avion
airplanes_0141,64,351,34,136,avion
airplanes_0142,52,346,31,148,avion
airplanes_0143,59,349,33,128,avion
airplanes_0144,59,342,29,122,avion
airplanes_0145,69,339,60,144,avion
airplanes_0146,75,351,67,128,avion
airplanes_0147,51,334,29,120,avion
airplanes_0148,61,343,34,127,avion
airplanes_0149,54,348,32,124,avion
airplanes_0150,58,347,31,95,avion
airplanes_0151,47,356,33,93,avion
airplanes_0152,62,349,32,143,avion
airplanes_0153,54,346,37,146,avion
airplanes_0154,26,345,30,110,avion
airplanes_0155,39,350,31,126,avion
airplanes_0156,58,339,28,109,avion
airplanes_0157,60,343,23,105,avion
airplanes_0158,56,349,31,112,avion
airplanes_0159,60,343,36,176,avion
airplanes_0160,57,341,30,138,avion
airplanes_0161,50,343,29,98,avion
airplanes_0162,58,350,30,133,avion
airplanes_0163,66,340,35,93,avion
airplanes_0164,50,341,29,143,avion
airplanes_0165,43,344,31,117,avion
airplanes_0166,64,357,38,121,avion
airplanes_0167,51,340,28,113,avion
airplanes_0168,59,345,33,130,avion
airplanes_0169,49,353,33,115,avion
airplanes_0170,56,349,26,119,avion
airplanes_0171,44,343,42,109,avion
airplanes_0172,63,356,42,159,avion
airplanes_0173,44,348,28,115,avion
airplanes_0174,44,345,28,138,avion
airplanes_0175,58,334,64,144,avion
airplanes_0176,61,350,28,126,avion
airplanes_0177,42,343,26,117,avion
airplanes_0178,51,346,32,159,avion
airplanes_0179,54,349,31,143,avion
airplanes_0180,51,350,33,123,avion
airplanes_0181,52,344,30,127,avion
airplanes_0182,60,347,29,110,avion
airplanes_0183,43,344,28,112,avion
airplanes_0184,53,346,30,109,avion
airplanes_0185,56,342,28,113,avion
airplanes_0186,48,345,32,149,avion
airplanes_0187,58,351,35,130,avion
airplanes_0188,50,347,27,111,avion
airplanes_0189,55,347,30,131,avion
airplanes_0190,56,344,36,120,avion
airplanes_0191,54,346,29,120,avion
airplanes_0192,55,344,27,102,avion
airplanes_0193,60,348,28,137,avion
airplanes_0194,50,341,63,131,avion
airplanes_0195,55,347,31,108,avion
airplanes_0196,53,344,26,133,avion
airplanes_0197,52,346,27,112,avion
airplanes_0198,48,348,28,141,avion
airplanes_0199,79,352,43,152,avion
airplanes_0200,56,346,31,135,avion
airplanes_0201,50,345,35,121,avion
airplanes_0202,51,273,33,60,avion
airplanes_0203,45,350,30,142,avion
airplanes_0204,52,344,32,130,avion
airplanes_0205,58,348,47,133,avion
airplanes_0206,57,342,32,135,avion
airplanes_0207,58,342,30,147,avion
airplanes_0208,67,342,44,190,avion
airplanes_0209,65,345,42,158,avion
airplanes_0210,60,347,38,190,avion
airplanes_0211,65,347,37,141,avion
airplanes_0212,62,351,47,161,avion
airplanes_0213,51,349,32,149,avion
airplanes_0214,53,342,32,104,avion
airplanes_0215,46,344,28,116,avion
airplanes_0216,66,347,37,136,avion
airplanes_0217,51,348,32,142,avion
airplanes_0218,49,349,30,119,avion
airplanes_0219,44,348,40,134,avion
airplanes_0220,50,346,25,99,avion
airplanes_0221,55,358,38,145,avion
airplanes_0222,40,350,37,161,avion
airplanes_0223,26,347,29,141,avion
airplanes_0224,52,346,33,125,avion
airplanes_0225,48,350,31,112,avion
airplanes_0226,47,346,12,123,avion
airplanes_0227,40,346,34,138,avion
airplanes_0228,52,348,27,96,avion
airplanes_0229,54,346,36,144,avion
airplanes_0230,65,349,74,136,avion
airplanes_0231,77,351,75,138,avion
airplanes_0232,56,352,36,111,avion
airplanes_0233,57,351,33,133,avion
airplanes_0234,52,345,31,146,avion
airplanes_0235,56,349,38,139,avion
airplanes_0236,47,351,35,138,avion
airplanes_0237,45,355,38,138,avion
airplanes_0238,50,348,32,145,avion
airplanes_0239,65,356,33,148,avion
airplanes_0240,59,350,32,126,avion
airplanes_0241,26,354,32,141,avion
airplanes_0242,49,343,37,115,avion
airplanes_0243,34,350,34,138,avion
airplanes_0244,39,342,31,145,avion
airplanes_0245,82,366,56,171,avion
airplanes_0246,49,344,29,135,avion
airplanes_0247,72,360,32,94,avion
airplanes_0248,57,344,29,143,avion
airplanes_0249,64,344,30,134,avion
airplanes_0250,76,340,31,148,avion
airplanes_0251,57,345,40,112,avion
airplanes_0252,66,351,33,135,avion
airplanes_0253,44,343,31,126,avion
airplanes_0254,49,349,61,187,avion
airplanes_0255,63,352,39,115,avion
airplanes_0256,86,350,62,155,avion
airplanes_0257,52,340,27,113,avion
airplanes_0258,48,340,31,154,avion
airplanes_0259,70,353,36,110,avion
airplanes_0260,78,356,55,114,avion
airplanes_0261,55,322,37,153,avion
airplanes_0262,85,322,81,412,avion
airplanes_0263,89,344,79,194,avion
airplanes_0264,54,335,36,116,avion
airplanes_0265,47,293,50,280,avion
airplanes_0266,57,348,67,187,avion
airplanes_0267,44,353,88,184,avion
airplanes_0268,57,347,35,131,avion
airplanes_0269,72,350,39,140,avion
airplanes_0270,64,350,38,132,avion
airplanes_0271,60,343,33,123,avion
airplanes_0272,54,360,39,132,avion
airplanes_0273,66,349,25,124,avion
airplanes_0274,57,353,34,130,avion
airplanes_0275,54,343,27,93,avion
airplanes_0276,40,345,27,105,avion
airplanes_0277,59,348,34,154,avion
airplanes_0278,51,347,34,151,avion
airplanes_0279,42,347,30,130,avion
airplanes_0280,50,345,40,139,avion
airplanes_0281,47,348,29,134,avion
airplanes_0282,48,351,29,113,avion
airplanes_0283,57,346,32,92,avion
airplanes_0284,58,353,36,134,avion
airplanes_0285,61,351,33,127,avion
airplanes_0286,56,350,41,120,avion
airplanes_0287,58,342,37,123,avion
airplanes_0288,57,348,27,112,avion
airplanes_0289,61,343,32,137,avion
airplanes_0290,43,354,34,133,avion
airplanes_0291,59,352,30,128,avion
airplanes_0292,60,353,31,122,avion
airplanes_0293,62,352,33,123,avion
airplanes_0294,55,350,31,133,avion
airplanes_0295,53,351,35,144,avion
airplanes_0296,66,361,39,144,avion
airplanes_0297,64,345,28,126,avion
airplanes_0298,62,354,32,126,avion
airplanes_0299,52,348,32,137,avion
airplanes_0300,62,352,32,108,avion
airplanes_0301,44,343,27,127,avion
airplanes_0302,60,348,33,126,avion
airplanes_0303,50,342,33,137,avion
airplanes_0304,59,352,56,163,avion
airplanes_0305,51,346,40,138,avion
airplanes_0306,40,348,7,138,avion
airplanes_0307,60,354,31,120,avion
airplanes_0308,53,340,27,105,avion
airplanes_0309,67,367,43,127,avion
airplanes_0310,48,351,38,133,avion
airplanes_0311,60,349,35,130,avion
airplanes_0312,65,355,33,128,avion
airplanes_0313,40,344,27,125,avion
airplanes_0314,63,344,84,165,avion
airplanes_0315,32,351,31,156,avion
airplanes_0316,43,347,27,98,avion
airplanes_0317,37,348,30,105,avion
airplanes_0318,44,350,36,153,avion
airplanes_0319,51,349,27,113,avion
airplanes_0320,75,358,42,153,avion
airplanes_0321,54,350,28,123,avion
airplanes_0322,71,355,41,146,avion
airplanes_0323,64,350,55,126,avion
airplanes_0324,63,354,43,150,avion
airplanes_0325,65,352,33,136,avion
airplanes_0326,44,351,30,147,avion
airplanes_0327,50,350,27,116,avion
airplanes_0328,58,347,28,117,avion
airplanes_0329,51,354,27,121,avion
airplanes_0330,69,358,40,128,avion
airplanes_0331,71,347,41,146,avion
airplanes_0332,66,355,39,157,avion
airplanes_0333,49,350,27,128,avion
airplanes_0334,52,348,32,121,avion
airplanes_0335,53,350,30,112,avion
airplanes_0336,55,351,31,119,avion
airplanes_0337,57,348,29,118,avion
airplanes_0338,56,346,30,134,avion
airplanes_0339,48,344,26,106,avion
airplanes_0340,58,353,31,117,avion
airplanes_0341,67,351,55,119,avion
airplanes_0342,54,349,33,127,avion
airplanes_0343,60,349,27,105,avion
airplanes_0344,54,349,29,147,avion
airplanes_0345,64,355,36,106,avion
airplanes_0346,52,345,20,116,avion
airplanes_0347,56,353,33,138,avion
airplanes_0348,52,353,26,112,avion
airplanes_0349,52,344,31,114,avion
airplanes_0350,55,348,30,118,avion
airplanes_0351,62,347,37,127,avion
airplanes_0352,63,344,66,147,avion
airplanes_0353,61,350,34,142,avion
airplanes_0354,57,348,36,142,avion
airplanes_0355,60,355,48,136,avion
airplanes_0356,53,350,33,116,avion
airplanes_0357,53,341,28,102,avion
airplanes_0358,74,356,37,140,avion
airplanes_0359,49,346,33,127,avion
airplanes_0360,57,344,31,112,avion
airplanes_0361,53,351,35,143,avion
airplanes_0362,61,359,34,121,avion
airplanes_0363,58,342,33,120,avion
airplanes_0364,64,350,29,134,avion
airplanes_0365,66,345,31,109,avion
airplanes_0366,54,352,32,146,avion
airplanes_0367,56,349,31,112,avion
airplanes_0368,62,339,86,162,avion
airplanes_0369,55,343,27,135,avion
airplanes_0370,51,348,27,90,avion
airplanes_0371,55,350,28,131,avion
airplanes_0372,52,354,32,122,avion
airplanes_0373,62,350,27,106,avion
airplanes_0374,53,351,27,114,avion
airplanes_0375,61,350,27,113,avion
airplanes_0376,42,347,27,135,avion
airplanes_0377,68,350,80,157,avion
airplanes_0378,58,347,27,128,avion
airplanes_0379,65,359,39,150,avion
airplanes_0380,56,348,31,117,avion
airplanes_0381,49,352,31,119,avion
airplanes_0382,59,353,26,116,avion
airplanes_0383,57,352,30,142,avion
airplanes_0384,56,353,31,120,avion
airplanes_0385,60,346,31,136,avion
airplanes_0386,72,342,47,165,avion
airplanes_0387,58,345,33,132,avion
airplanes_0388,50,347,31,108,avion
airplanes_0389,54,351,30,125,avion
airplanes_0390,51,351,28,110,avion
airplanes_0391,59,360,33,114,avion
airplanes_0392,64,355,35,141,avion
airplanes_0393,39,348,31,142,avion
airplanes_0394,54,347,30,127,avion
airplanes_0395,35,349,27,133,avion
airplanes_0396,60,361,33,131,avion
airplanes_0397,52,348,27,118,avion
airplanes_0398,54,352,30,130,avion
airplanes_0399,56,351,27,121,avion
airplanes_0400,58,351,29,97,avion
airplanes_0401,53,348,24,93,avion
airplanes_0402,55,349,26,132,avion
airplanes_0403,49,346,27,122,avion
airplanes_0404,58,354,31,118,avion
airplanes_0405,54,354,32,146,avion
airplanes_0406,56,354,29,141,avion
airplanes_0407,72,348,72,163,avion
airplanes_0408,70,347,86,167,avion
airplanes_0409,65,352,82,160,avion
airplanes_0410,50,345,26,115,avion
airplanes_0411,57,355,27,91,avion
airplanes_0412,54,359,26,124,avion
airplanes_0413,55,354,31,102,avion
airplanes_0414,61,356,33,123,avion
airplanes_0415,51,351,36,135,avion
airplanes_0416,52,351,31,127,avion
airplanes_0417,28,356,33,134,avion
airplanes_0418,70,358,41,146,avion
airplanes_0419,71,350,33,124,avion
airplanes_0420,51,342,30,134,avion
airplanes_0421,57,350,29,139,avion
airplanes_0422,54,349,23,102,avion
airplanes_0423,64,358,31,142,avion
airplanes_0424,54,347,27,100,avion
airplanes_0425,71,351,29,87,avion
airplanes_0426,56,351,28,130,avion
airplanes_0427,52,351,31,102,avion
airplanes_0428,50,350,32,116,avion
airplanes_0429,57,356,26,96,avion
airplanes_0430,57,352,28,84,avion
airplanes_0431,49,354,34,148,avion
airplanes_0432,86,369,50,120,avion
airplanes_0433,44,351,24,85,avion
airplanes_0434,57,353,30,112,avion
airplanes_0435,48,353,29,100,avion
airplanes_0436,51,348,27,104,avion
airplanes_0437,50,355,27,115,avion
airplanes_0438,52,350,29,121,avion
airplanes_0439,54,361,32,115,avion
airplanes_0440,57,356,29,116,avion
airplanes_0441,54,355,31,101,avion
airplanes_0442,53,346,30,91,avion
airplanes_0443,50,347,31,122,avion
airplanes_0444,46,344,30,96,avion
airplanes_0445,49,356,30,127,avion
airplanes_0446,57,351,29,105,avion
airplanes_0447,57,354,26,130,avion
airplanes_0448,55,351,31,96,avion
airplanes_0449,72,324,73,226,avion
airplanes_0450,64,364,43,139,avion
airplanes_0451,56,351,24,96,avion
airplanes_0452,52,349,30,143,avion
airplanes_0453,55,346,26,114,avion
airplanes_0454,53,350,32,125,avion
airplanes_0455,56,352,27,117,avion
airplanes_0456,60,359,32,141,avion
airplanes_0457,42,352,22,107,avion
airplanes_0458,56,354,28,132,avion
airplanes_0459,57,346,25,114,avion
airplanes_0460,56,352,17,123,avion
airplanes_0461,47,353,28,102,avion
airplanes_0462,57,354,30,113,avion
airplanes_0463,61,353,30,119,avion
airplanes_0464,31,353,34,142,avion
airplanes_0465,50,350,27,125,avion
airplanes_0466,55,348,31,138,avion
airplanes_0467,46,351,27,127,avion
airplanes_0468,60,361,36,150,avion
airplanes_0469,42,348,26,114,avion
airplanes_0470,48,346,28,137,avion
airplanes_0471,48,345,25,103,avion
airplanes_0472,48,350,31,127,avion
airplanes_0473,62,353,67,127,avion
airplanes_0474,51,345,28,123,avion
airplanes_0475,59,328,72,164,avion
airplanes_0476,78,354,76,147,avion
airplanes_0477,26,350,32,141,avion
airplanes_0478,76,340,28,138,avion
airplanes_0479,64,364,39,120,avion
airplanes_0480,50,351,27,122,avion
airplanes_0481,50,349,27,133,avion
airplanes_0482,56,349,26,136,avion
airplanes_0483,48,346,28,144,avion
airplanes_0484,70,354,75,139,avion
airplanes_0485,57,350,26,130,avion
airplanes_0486,57,342,55,118,avion
airplanes_0487,53,347,27,117,avion
airplanes_0488,58,358,35,146,avion
airplanes_0489,56,352,30,129,avion
airplanes_0490,59,347,27,129,avion
airplanes_0491,59,346,32,132,avion
airplanes_0492,56,348,26,107,avion
airplanes_0493,48,349,22,83,avion
airplanes_0494,59,354,30,129,avion
airplanes_0495,55,352,31,140,avion
airplanes_0496,40,346,24,127,avion
airplanes_0497,53,350,26,115,avion
airplanes_0498,53,349,27,114,avion
airplanes_0499,49,349,25,136,avion
airplanes_0500,53,350,25,112,avion
airplanes_0501,54,350,25,129,avion
airplanes_0502,50,349,24,121,avion
airplanes_0503,64,353,29,123,avion
airplanes_0504,57,348,29,114,avion
airplanes_0505,55,347,25,112,avion
airplanes_0506,62,349,25,114,avion
airplanes_0507,54,348,21,105,avion
airplanes_0508,54,349,28,133,avion
airplanes_0509,53,348,29,126,avion
airplanes_0510,57,352,30,125,avion
airplanes_0511,63,350,27,137,avion
airplanes_0512,56,356,29,148,avion
airplanes_0513,52,346,27,124,avion
airplanes_0514,48,348,26,92,avion
airplanes_0515,55,349,23,108,avion
airplanes_0516,50,348,25,112,avion
airplanes_0517,49,348,25,117,avion
airplanes_0518,54,344,29,112,avion
airplanes_0519,48,346,27,116,avion
airplanes_0520,56,348,25,109,avion
airplanes_0521,51,349,28,132,avion
airplanes_0522,49,345,26,121,avion
airplanes_0523,57,350,27,122,avion
airplanes_0524,35,348,30,138,avion
airplanes_0525,56,353,26,115,avion
airplanes_0526,46,352,29,113,avion
airplanes_0527,62,350,29,115,avion
airplanes_0528,55,344,25,121,avion
airplanes_0529,63,357,29,128,avion
airplanes_0530,48,345,24,128,avion
airplanes_0531,48,348,29,130,avion
airplanes_0532,52,347,25,122,avion
airplanes_0533,51,344,29,125,avion
airplanes_0534,47,346,23,100,avion
airplanes_0535,44,344,25,134,avion
airplanes_0536,51,349,26,117,avion
airplanes_0537,59,352,33,131,avion
airplanes_0538,50,344,24,121,avion
airplanes_0539,50,346,29,126,avion
airplanes_0540,55,334,38,158,avion
airplanes_0541,51,350,26,123,avion
airplanes_0542,48,346,25,112,avion
airplanes_0543,43,345,29,120,avion
airplanes_0544,48,345,23,103,avion
airplanes_0545,34,349,27,127,avion
airplanes_0546,50,347,25,110,avion
airplanes_0547,46,350,25,120,avion
airplanes_0548,49,345,27,107,avion
airplanes_0549,53,347,26,117,avion
airplanes_0550,49,346,23,107,avion
airplanes_0551,48,345,24,101,avion
airplanes_0552,53,350,26,101,avion
airplanes_0553,56,343,39,190,avion
airplanes_0554,74,354,41,143,avion
airplanes_0555,66,361,39,156,avion
airplanes_0556,51,349,25,122,avion
airplanes_0557,54,352,32,127,avion
airplanes_0558,51,348,32,126,avion
airplanes_0559,51,347,27,119,avion
airplanes_0560,53,351,28,134,avion
airplanes_0561,56,351,26,116,avion
airplanes_0562,58,354,35,155,avion
airplanes_0563,52,346,31,112,avion
airplanes_0564,64,356,37,168,avion
airplanes_0565,56,353,33,105,avion
airplanes_0566,51,346,29,107,avion
airplanes_0567,52,346,32,117,avion
airplanes_0568,62,353,34,160,avion
airplanes_0569,61,351,33,171,avion
airplanes_0570,66,357,38,173,avion
airplanes_0571,49,347,28,109,avion
airplanes_0572,53,344,26,112,avion
airplanes_0573,51,350,27,113,avion
airplanes_0574,49,346,28,124,avion
airplanes_0575,49,347,27,113,avion
airplanes_0576,52,348,26,109,avion
airplanes_0577,55,353,25,118,avion
airplanes_0578,67,359,36,157,avion
airplanes_0579,51,347,29,86,avion
airplanes_0580,51,352,31,119,avion
airplanes_0581,51,348,27,95,avion
airplanes_0582,53,350,30,110,avion
airplanes_0583,56,352,27,114,avion
airplanes_0584,60,351,30,99,avion
airplanes_0585,54,348,28,116,avion
airplanes_0586,51,345,28,124,avion
airplanes_0587,58,352,27,107,avion
airplanes_0588,49,347,27,115,avion
airplanes_0589,54,345,28,128,avion
airplanes_0590,56,352,31,121,avion
airplanes_0591,55,350,28,111,avion
airplanes_0592,51,344,28,117,avion
airplanes_0593,54,349,28,122,avion
airplanes_0594,49,348,28,118,avion
airplanes_0595,57,350,29,131,avion
airplanes_0596,54,345,26,104,avion
airplanes_0597,60,350,34,136,avion
airplanes_0598,52,347,28,114,avion
airplanes_0599,52,345,26,93,avion
airplanes_0600,58,349,33,118,avion
airplanes_0601,56,352,27,103,avion
airplanes_0602,60,358,33,129,avion
airplanes_0603,48,348,28,112,avion
airplanes_0604,54,351,31,118,avion
airplanes_0605,57,347,26,110,avion
airplanes_0606,57,351,32,102,avion
airplanes_0607,52,348,31,119,avion
airplanes_0608,49,349,33,107,avion
airplanes_0609,48,345,27,108,avion
airplanes_0610,49,347,25,112,avion
airplanes_0611,56,352,29,113,avion
airplanes_0612,53,350,32,104,avion
airplanes_0613,54,346,26,119,avion
airplanes_0614,63,344,70,134,avion
airplanes_0615,58,353,28,124,avion
airplanes_0616,49,347,26,115,avion
airplanes_0617,54,347,28,131,avion
airplanes_0618,74,339,68,136,avion
airplanes_0619,71,342,58,133,avion
airplanes_0620,55,349,29,122,avion
airplanes_0621,58,327,74,157,avion
airplanes_0622,67,352,60,118,avion
airplanes_0623,64,343,45,118,avion
airplanes_0624,54,346,25,123,avion
airplanes_0625,52,345,28,112,avion
airplanes_0626,65,339,68,128,avion
airplanes_0627,70,334,36,128,avion
airplanes_0628,60,346,31,117,avion
airplanes_0629,58,344,31,114,avion
airplanes_0630,54,348,34,137,avion
airplanes_0631,50,347,27,105,avion
airplanes_0632,56,339,38,100,avion
airplanes_0633,57,347,34,134,avion
airplanes_0634,51,343,33,124,avion
airplanes_0635,55,349,29,111,avion
airplanes_0636,52,346,25,93,avion
airplanes_0637,52,349,27,120,avion
airplanes_0638,55,351,30,141,avion
airplanes_0639,53,349,29,140,avion
airplanes_0640,50,347,28,128,avion
airplanes_0641,56,349,28,133,avion
airplanes_0642,50,348,29,121,avion
airplanes_0643,48,344,25,98,avion
airplanes_0644,50,349,30,140,avion
airplanes_0645,58,349,31,99,avion
airplanes_0646,61,348,33,151,avion
airplanes_0647,56,353,37,156,avion
airplanes_0648,59,355,36,133,avion
airplanes_0649,51,352,26,98,avion
airplanes_0650,29,348,32,140,avion
airplanes_0651,63,354,29,112,avion
airplanes_0652,55,348,33,132,avion
airplanes_0653,55,347,31,109,avion
airplanes_0654,47,345,25,89,avion
airplanes_0655,51,351,33,150,avion
airplanes_0656,62,360,38,178,avion
airplanes_0657,52,352,26,139,avion
airplanes_0658,41,353,26,109,avion
airplanes_0659,55,353,32,130,avion
airplanes_0660,49,345,28,109,avion
airplanes_0661,49,346,28,117,avion
airplanes_0662,48,347,24,108,avion
airplanes_0663,52,350,26,129,avion
airplanes_0664,53,345,25,130,avion
airplanes_0665,51,347,28,122,avion
airplanes_0666,51,349,25,132,avion
airplanes_0667,51,348,30,125,avion
airplanes_0668,53,347,30,121,avion
airplanes_0669,53,348,32,120,avion
airplanes_0670,48,346,32,125,avion
airplanes_0671,48,344,28,116,avion
airplanes_0672,51,345,26,114,avion
airplanes_0673,56,353,32,134,avion
airplanes_0674,50,345,28,117,avion
airplanes_0675,56,344,30,116,avion
airplanes_0676,57,346,36,120,avion
airplanes_0677,53,343,29,132,avion
airplanes_0678,56,352,35,138,avion
airplanes_0679,49,344,24,113,avion
airplanes_0680,50,346,25,114,avion
airplanes_0681,48,348,24,111,avion
airplanes_0682,60,356,30,139,avion
airplanes_0683,52,348,26,107,avion
airplanes_0684,56,355,32,125,avion
airplanes_0685,54,350,27,121,avion
airplanes_0686,55,351,29,131,avion
airplanes_0687,57,349,29,126,avion
airplanes_0688,53,344,26,109,avion
airplanes_0689,54,348,25,119,avion
airplanes_0690,54,350,31,148,avion
airplanes_0691,56,352,26,117,avion
airplanes_0692,57,344,24,105,avion
airplanes_0693,59,344,27,106,avion
airplanes_0694,51,347,27,122,avion
airplanes_0695,54,346,24,115,avion
airplanes_0696,58,347,27,118,avion
airplanes_0697,56,352,31,116,avion
airplanes_0698,50,349,30,127,avion
airplanes_0699,49,346,28,116,avion
airplanes_0700,49,348,26,120,avion
airplanes_0701,51,348,27,122,avion
airplanes_0702,67,358,39,129,avion
airplanes_0703,59,354,37,134,avion
airplanes_0704,53,349,29,135,avion
airplanes_0705,52,350,27,112,avion
airplanes_0706,60,349,34,131,avion
airplanes_0707,60,357,33,136,avion
airplanes_0708,52,352,30,125,avion
airplanes_0709,51,345,30,118,avion
airplanes_0710,52,348,36,142,avion
airplanes_0711,57,352,34,109,avion
airplanes_0712,50,347,27,119,avion
airplanes_0713,54,351,32,151,avion
airplanes_0714,53,349,28,113,avion
airplanes_0715,51,348,28,138,avion
airplanes_0716,48,346,22,86,avion
airplanes_0717,24,349,28,124,avion
airplanes_0718,47,346,28,111,avion
airplanes_0719,55,344,27,117,avion
airplanes_0720,50,352,31,118,avion
airplanes_0721,49,347,22,111,avion
airplanes_0722,56,346,30,134,avion
airplanes_0723,54,348,31,143,avion
airplanes_0724,49,350,27,120,avion
airplanes_0725,48,343,26,123,avion
airplanes_0726,56,352,32,123,avion
airplanes_0727,53,348,33,111,avion
airplanes_0728,54,345,30,130,avion
airplanes_0729,54,351,31,134,avion
airplanes_0730,52,350,28,121,avion
airplanes_0731,50,346,27,105,avion
airplanes_0732,50,350,29,112,avion
airplanes_0733,42,356,33,147,avion
airplanes_0734,48,346,23,87,avion
airplanes_0735,57,351,29,104,avion
airplanes_0736,55,351,27,108,avion
airplanes_0737,50,349,25,81,avion
airplanes_0738,51,351,29,119,avion
airplanes_0739,42,346,27,137,avion
airplanes_0740,56,354,33,110,avion
airplanes_0741,46,349,23,96,avion
airplanes_0742,52,349,29,90,avion
airplanes_0743,61,354,38,135,avion
airplanes_0744,50,346,26,114,avion
airplanes_0745,51,349,27,116,avion
airplanes_0746,54,350,29,114,avion
airplanes_0747,49,350,29,128,avion
airplanes_0748,67,361,41,168,avion
airplanes_0749,58,357,30,151,avion
airplanes_0750,52,352,29,129,avion
airplanes_0751,51,351,32,140,avion
airplanes_0752,58,345,24,84,avion
airplanes_0753,56,363,43,138,avion
airplanes_0754,50,347,26,121,avion
airplanes_0755,54,347,31,138,avion
airplanes_0756,50,350,28,124,avion
airplanes_0757,51,346,25,126,avion
airplanes_0758,48,345,23,119,avion
airplanes_0759,53,349,27,137,avion
airplanes_0760,51,347,28,144,avion
airplanes_0761,48,349,26,102,avion
airplanes_0762,54,351,27,111,avion
airplanes_0763,48,342,27,119,avion
airplanes_0764,52,349,26,115,avion
airplanes_0765,50,352,26,90,avion
airplanes_0766,69,351,24,110,avion
airplanes_0767,48,345,25,125,avion
airplanes_0768,51,345,29,132,avion
airplanes_0769,48,347,24,140,avion
airplanes_0770,58,349,27,147,avion
airplanes_0771,49,345,27,138,avion
airplanes_0772,53,351,26,112,avion
airplanes_0773,60,350,26,107,avion
airplanes_0774,58,346,54,112,avion
airplanes_0775,60,347,56,119,avion
airplanes_0776,59,345,27,128,avion
airplanes_0777,61,357,34,143,avion
airplanes_0778,53,353,26,113,avion
airplanes_0779,27,350,27,117,avion
airplanes_0780,81,350,25,131,avion
airplanes_0781,68,364,39,154,avion
airplanes_0782,54,348,27,119,avion
airplanes_0783,57,353,27,119,avion
airplanes_0784,57,351,28,119,avion
airplanes_0785,59,351,31,145,avion
airplanes_0786,53,345,28,109,avion
airplanes_0787,51,346,27,90,avion
airplanes_0788,51,347,29,123,avion
airplanes_0789,54,348,30,117,avion
airplanes_0790,55,351,31,105,avion
airplanes_0791,58,352,34,154,avion
airplanes_0792,52,349,28,116,avion
airplanes_0793,51,348,24,113,avion
airplanes_0794,52,351,28,96,avion
airplanes_0795,57,354,31,146,avion
airplanes_0796,57,356,27,118,avion
airplanes_0797,56,350,25,110,avion
airplanes_0798,59,354,25,110,avion
airplanes_0799,49,347,26,116,avion
airplanes_0800,53,348,27,109,avion
Faces_2_0001,251,444,15,300,rostro
Faces_2_0002,106,296,31,310,rostro
Faces_2_0003,207,385,17,279,rostro
Faces_2_0004,102,303,55,328,rostro
Faces_2_0005,246,446,30,312,rostro
Faces_2_0006,248,440,22,298,rostro
Faces_2_0007,173,365,25,302,rostro
Faces_2_0008,227,429,47,333,rostro
Faces_2_0009,116,299,27,303,rostro
Faces_2_0010,121,314,34,302,rostro
Faces_2_0011,77,264,13,285,rostro
Faces_2_0012,233,432,18,280,rostro
Faces_2_0013,213,397,23,278,rostro
Faces_2_0014,80,280,39,314,rostro
Faces_2_0015,244,436,20,290,rostro
Faces_2_0016,141,331,8,272,rostro
Faces_2_0017,147,331,13,268,rostro
Faces_2_0018,201,383,29,282,rostro
Faces_2_0019,242,438,11,295,rostro
Faces_2_0020,133,319,6,275,rostro
Faces_2_0021,230,425,46,331,rostro
Faces_2_0022,78,274,16,263,rostro
Faces_2_0023,159,355,21,264,rostro
Faces_2_0024,143,333,11,254,rostro
Faces_2_0025,172,375,19,276,rostro
Faces_2_0026,162,356,14,264,rostro
Faces_2_0027,151,339,10,253,rostro
Faces_2_0028,144,337,10,253,rostro
Faces_2_0029,148,354,12,276,rostro
Faces_2_0030,195,398,30,280,rostro
Faces_2_0031,207,407,9,266,rostro
Faces_2_0032,91,281,8,236,rostro
Faces_2_0033,68,269,30,277,rostro
Faces_2_0034,96,298,5,266,rostro
Faces_2_0035,93,293,13,258,rostro
Faces_2_0036,149,355,7,264,rostro
Faces_2_0037,148,355,9,258,rostro
Faces_2_0038,155,348,18,263,rostro
Faces_2_0039,184,379,11,260,rostro
Faces_2_0040,87,282,29,290,rostro
Faces_2_0041,85,282,8,257,rostro
Faces_2_0042,195,386,2,272,rostro
Faces_2_0043,238,433,11,296,rostro
Faces_2_0044,78,266,12,285,rostro
Faces_2_0045,207,401,6,289,rostro
Faces_2_0046,210,403,18,300,rostro
Faces_2_0047,175,377,20,305,rostro
Faces_2_0048,125,311,2,256,rostro
Faces_2_0049,234,430,20,302,rostro
Faces_2_0050,98,290,21,297,rostro
Faces_2_0051,269,482,23,313,rostro
Faces_2_0052,227,418,26,310,rostro
Faces_2_0053,253,456,15,298,rostro
Faces_2_0054,174,359,23,297,rostro
Faces_2_0055,247,432,19,286,rostro
Faces_2_0056,172,353,22,288,rostro
Faces_2_0057,222,409,19,300,rostro
Faces_2_0058,180,363,26,294,rostro
Faces_2_0059,216,404,8,271,rostro
Faces_2_0060,171,359,25,297,rostro
Faces_2_0061,222,398,20,272,rostro
Faces_2_0062,228,414,18,285,rostro
Faces_2_0063,183,369,22,295,rostro
Faces_2_0064,65,252,25,294,rostro
Faces_2_0065,264,447,30,291,rostro
Faces_2_0066,178,365,22,299,rostro
Faces_2_0067,179,359,25,293,rostro
Faces_2_0068,82,277,7,292,rostro
Faces_2_0069,125,321,18,256,rostro
Faces_2_0070,122,320,16,253,rostro
Faces_2_0071,129,314,16,253,rostro
Faces_2_0072,113,311,8,245,rostro
Faces_2_0073,127,322,16,250,rostro
Faces_2_0074,116,306,12,242,rostro
Faces_2_0075,124,317,19,246,rostro
Faces_2_0076,125,328,19,262,rostro
Faces_2_0077,143,345,31,274,rostro
Faces_2_0078,102,295,4,232,rostro
Faces_2_0079,193,396,30,265,rostro
Faces_2_0080,103,311,13,239,rostro
Faces_2_0081,134,325,26,250,rostro
Faces_2_0082,179,374,21,249,rostro
Faces_2_0083,130,319,25,255,rostro
Faces_2_0084,43,244,21,251,rostro
Faces_2_0085,43,248,30,270,rostro
Faces_2_0086,120,320,7,252,rostro
Faces_2_0087,129,327,18,252,rostro
Faces_2_0088,177,375,35,274,rostro
Faces_2_0089,129,335,13,266,rostro
Faces_2_0090,214,411,34,318,rostro
Faces_2_0091,282,486,69,346,rostro
Faces_2_0092,266,462,54,324,rostro
Faces_2_0093,200,395,49,317,rostro
Faces_2_0094,214,414,53,332,rostro
Faces_2_0095,226,435,58,334,rostro
Faces_2_0096,179,370,92,353,rostro
Faces_2_0097,139,335,60,332,rostro
Faces_2_0098,124,310,68,323,rostro
Faces_2_0099,221,419,53,321,rostro
Faces_2_0100,259,465,67,359,rostro
Faces_2_0101,98,300,37,310,rostro
Faces_2_0102,285,488,78,345,rostro
Faces_2_0103,200,397,45,303,rostro
Faces_2_0104,205,399,54,318,rostro
Faces_2_0105,261,458,82,349,rostro
Faces_2_0106,281,483,73,353,rostro
Faces_2_0107,287,477,74,330,rostro
Faces_2_0108,271,466,51,317,rostro
Faces_2_0109,260,449,63,321,rostro
Faces_2_0110,263,457,63,337,rostro
Faces_2_0111,222,414,51,323,rostro
Faces_2_0112,212,404,57,324,rostro
Faces_2_0113,149,350,6,287,rostro
Faces_2_0114,201,358,53,254,rostro
Faces_2_0115,32,241,20,283,rostro
Faces_2_0116,146,354,22,287,rostro
Faces_2_0117,62,239,20,250,rostro
Faces_2_0118,229,430,6,282,rostro
Faces_2_0119,150,365,13,300,rostro
Faces_2_0120,131,335,19,285,rostro
Faces_2_0121,166,387,19,305,rostro
Faces_2_0122,176,379,15,275,rostro
Faces_2_0123,133,337,5,268,rostro
Faces_2_0124,145,350,9,281,rostro
Faces_2_0125,140,347,14,294,rostro
Faces_2_0126,145,349,7,268,rostro
Faces_2_0127,113,286,9,239,rostro
Faces_2_0128,118,297,13,258,rostro
Faces_2_0129,178,372,21,285,rostro
Faces_2_0130,52,268,7,293,rostro
Faces_2_0131,217,419,27,290,rostro
Faces_2_0132,218,433,27,307,rostro
Faces_2_0133,57,272,18,295,rostro
Faces_2_0134,205,420,18,290,rostro
Faces_2_0135,246,440,11,310,rostro
Faces_2_0136,203,419,10,295,rostro
Faces_2_0137,235,420,15,292,rostro
Faces_2_0138,152,342,19,277,rostro
Faces_2_0139,213,402,15,280,rostro
Faces_2_0140,164,348,23,287,rostro
Faces_2_0141,204,394,26,284,rostro
Faces_2_0142,241,435,32,297,rostro
Faces_2_0143,232,416,21,265,rostro
Faces_2_0144,243,432,24,287,rostro
Faces_2_0145,166,354,34,300,rostro
Faces_2_0146,163,357,42,305,rostro
Faces_2_0147,75,259,25,283,rostro
Faces_2_0148,111,304,26,282,rostro
Faces_2_0149,175,365,37,295,rostro
Faces_2_0150,88,274,22,275,rostro
Faces_2_0151,233,416,23,270,rostro
Faces_2_0152,157,358,32,307,rostro
Faces_2_0153,160,344,20,283,rostro
Faces_2_0154,152,334,25,274,rostro
Faces_2_0155,157,352,20,295,rostro
Faces_2_0156,252,431,21,280,rostro
Faces_2_0157,171,369,30,313,rostro
Faces_2_0158,182,384,41,321,rostro
Faces_2_0159,235,422,92,328,rostro
Faces_2_0160,241,431,75,332,rostro
Faces_2_0161,247,438,79,318,rostro
Faces_2_0162,238,428,80,333,rostro
Faces_2_0163,269,470,84,333,rostro
Faces_2_0164,120,344,16,276,rostro
Faces_2_0165,64,280,30,275,rostro
Faces_2_0166,58,281,12,273,rostro
Faces_2_0167,46,259,39,281,rostro
Faces_2_0168,240,480,30,314,rostro
Faces_2_0169,182,406,14,288,rostro
Faces_2_0170,57,266,21,279,rostro
Faces_2_0171,201,440,6,300,rostro
Faces_2_0172,201,427,6,290,rostro
Faces_2_0173,189,418,6,295,rostro
Faces_2_0174,153,365,3,277,rostro
Faces_2_0175,179,409,7,311,rostro
Faces_2_0176,175,405,5,298,rostro
Faces_2_0177,73,326,7,334,rostro
Faces_2_0178,98,308,5,245,rostro
Faces_2_0179,118,328,4,260,rostro
Faces_2_0180,118,338,4,276,rostro
Faces_2_0181,128,350,3,271,rostro
Faces_2_0182,52,291,8,287,rostro
Faces_2_0183,119,368,2,279,rostro
Faces_2_0184,126,357,2,293,rostro
Faces_2_0185,38,270,5,284,rostro
Faces_2_0186,111,317,4,252,rostro
Faces_2_0187,109,355,5,284,rostro
Faces_2_0188,125,354,8,277,rostro
Faces_2_0189,234,497,3,336,rostro
Faces_2_0190,160,407,8,312,rostro
Faces_2_0191,138,389,4,320,rostro
Faces_2_0192,186,422,5,284,rostro
Faces_2_0193,153,417,8,318,rostro
Faces_2_0194,252,454,30,303,rostro
Faces_2_0195,128,324,34,302,rostro
Faces_2_0196,184,383,40,308,rostro
Faces_2_0197,110,307,26,295,rostro
Faces_2_0198,78,280,51,319,rostro
Faces_2_0199,140,350,48,329,rostro
Faces_2_0200,254,454,40,308,rostro
Faces_2_0201,196,400,23,308,rostro
Faces_2_0202,200,397,46,317,rostro
Faces_2_0203,256,461,30,308,rostro
Faces_2_0204,257,458,22,303,rostro
Faces_2_0205,191,388,46,318,rostro
Faces_2_0206,279,481,53,326,rostro
Faces_2_0207,271,473,33,306,rostro
Faces_2_0208,146,349,15,285,rostro
Faces_2_0209,127,328,44,323,rostro
Faces_2_0210,244,447,15,296,rostro
Faces_2_0211,99,302,38,307,rostro
Faces_2_0212,188,376,38,300,rostro
Faces_2_0213,293,488,57,318,rostro
Faces_2_0214,266,462,44,310,rostro
Faces_2_0215,144,349,20,293,rostro
Faces_2_0216,154,345,29,290,rostro
Faces_2_0217,79,277,10,294,rostro
Faces_2_0218,225,412,21,285,rostro
Faces_2_0219,195,385,27,280,rostro
Faces_2_0220,148,352,14,296,rostro
Faces_2_0221,149,348,9,290,rostro
Faces_2_0222,219,418,12,293,rostro
Faces_2_0223,140,325,19,273,rostro
Faces_2_0224,88,278,19,271,rostro
Faces_2_0225,139,324,10,268,rostro
Faces_2_0226,164,356,30,296,rostro
Faces_2_0227,148,344,20,293,rostro
Faces_2_0228,146,343,7,282,rostro
Faces_2_0229,198,394,6,281,rostro
Faces_2_0230,174,374,23,307,rostro
Faces_2_0231,180,361,23,276,rostro
Faces_2_0232,147,343,12,281,rostro
Faces_2_0233,148,330,18,281,rostro
Faces_2_0234,155,335,16,273,rostro
Faces_2_0235,172,363,28,294,rostro
Faces_2_0236,159,331,28,269,rostro
Faces_2_0237,129,310,14,266,rostro
Faces_2_0238,154,346,27,277,rostro
Faces_2_0239,99,291,14,288,rostro
Faces_2_0240,203,389,30,289,rostro
Faces_2_0241,151,355,19,284,rostro
Faces_2_0242,104,332,32,329,rostro
Faces_2_0243,66,281,31,305,rostro
Faces_2_0244,210,433,33,320,rostro
Faces_2_0245,138,356,36,315,rostro
Faces_2_0246,179,401,27,318,rostro
Faces_2_0247,172,385,26,294,rostro
Faces_2_0248,168,374,133,391,rostro
Faces_2_0249,62,270,16,277,rostro
Faces_2_0250,235,452,64,342,rostro
Faces_2_0251,100,327,26,316,rostro
Faces_2_0252,210,438,56,332,rostro
Faces_2_0253,167,380,30,308,rostro
Faces_2_0254,234,444,44,315,rostro
Faces_2_0255,120,327,59,335,rostro
Faces_2_0256,159,378,17,297,rostro
Faces_2_0257,84,300,38,309,rostro
Faces_2_0258,246,454,46,314,rostro
Faces_2_0259,160,375,28,304,rostro
Faces_2_0260,89,284,28,275,rostro
Faces_2_0261,144,331,15,258,rostro
Faces_2_0262,92,274,18,291,rostro
Faces_2_0263,80,263,14,292,rostro
Faces_2_0264,74,265,9,305,rostro
Faces_2_0265,220,409,19,303,rostro
Faces_2_0266,243,437,6,293,rostro
Faces_2_0267,123,325,14,246,rostro
Faces_2_0268,127,342,4,251,rostro
Faces_2_0269,125,345,20,261,rostro
Faces_2_0270,116,338,3,242,rostro
Faces_2_0271,107,269,75,279,rostro
Faces_2_0272,175,397,24,278,rostro
Faces_2_0273,107,329,3,243,rostro
Faces_2_0274,139,344,45,289,rostro
Faces_2_0275,125,348,4,254,rostro
Faces_2_0276,176,412,2,255,rostro
Faces_2_0277,67,300,12,273,rostro
Faces_2_0278,124,345,11,264,rostro
Faces_2_0279,78,312,21,273,rostro
Faces_2_0280,146,387,15,286,rostro
Faces_2_0281,25,265,3,266,rostro
Faces_2_0282,153,377,30,284,rostro
Faces_2_0283,70,306,4,269,rostro
Faces_2_0284,198,444,5,289,rostro
Faces_2_0285,133,372,12,280,rostro
Faces_2_0286,86,275,26,292,rostro
Faces_2_0287,165,362,32,305,rostro
Faces_2_0288,167,361,30,311,rostro
Faces_2_0289,158,347,29,298,rostro
Faces_2_0290,252,447,30,301,rostro
Faces_2_0291,222,391,27,273,rostro
Faces_2_0292,203,378,29,279,rostro
Faces_2_0293,51,243,26,292,rostro
Faces_2_0294,153,350,26,300,rostro
Faces_2_0295,222,409,15,284,rostro
Faces_2_0296,77,267,9,280,rostro
Faces_2_0297,234,412,32,285,rostro
Faces_2_0298,195,374,23,282,rostro
Faces_2_0299,153,349,23,296,rostro
Faces_2_0300,153,334,30,276,rostro
Faces_2_0301,175,359,37,299,rostro
Faces_2_0302,88,290,36,308,rostro
Faces_2_0303,86,279,30,301,rostro
Faces_2_0304,197,384,30,288,rostro
Faces_2_0305,241,437,35,301,rostro
Faces_2_0306,199,384,10,285,rostro
Faces_2_0307,152,333,4,271,rostro
Faces_2_0308,143,326,17,287,rostro
Faces_2_0309,88,284,27,310,rostro
Faces_2_0310,240,434,28,305,rostro
Faces_2_0311,103,277,30,290,rostro
Faces_2_0312,147,322,22,278,rostro
Faces_2_0313,144,327,9,278,rostro
Faces_2_0314,137,302,9,257,rostro
Faces_2_0315,231,419,19,294,rostro
Faces_2_0316,171,357,2,260,rostro
Faces_2_0317,51,224,9,254,rostro
Faces_2_0318,137,322,12,281,rostro
Faces_2_0319,135,314,10,267,rostro
Faces_2_0320,207,391,20,282,rostro
Faces_2_0321,208,387,11,271,rostro
Faces_2_0322,51,235,3,254,rostro
Faces_2_0323,175,364,27,305,rostro
Faces_2_0324,216,386,13,257,rostro
Faces_2_0325,154,328,23,280,rostro
Faces_2_0326,115,370,31,294,rostro
Faces_2_0327,187,444,38,297,rostro
Faces_2_0328,144,408,21,306,rostro
Faces_2_0329,93,351,11,278,rostro
Faces_2_0330,172,414,18,259,rostro
Faces_2_0331,160,414,18,286,rostro
Faces_2_0332,195,483,35,318,rostro
Faces_2_0333,162,414,47,302,rostro
Faces_2_0334,126,395,21,305,rostro
Faces_2_0335,126,413,33,311,rostro
Faces_2_0336,122,380,18,284,rostro
Faces_2_0337,189,447,26,295,rostro
Faces_2_0338,11,278,24,291,rostro
Faces_2_0339,124,392,34,291,rostro
Faces_2_0340,120,372,20,273,rostro
Faces_2_0341,108,380,14,284,rostro
Faces_2_0342,73,334,53,305,rostro
Faces_2_0343,114,358,24,270,rostro
Faces_2_0344,60,292,17,258,rostro
Faces_2_0345,115,357,21,268,rostro
Faces_2_0346,171,379,26,278,rostro
Faces_2_0347,36,262,13,275,rostro
Faces_2_0348,76,307,27,294,rostro
Faces_2_0349,146,345,25,256,rostro
Faces_2_0350,120,328,37,282,rostro
Faces_2_0351,121,338,10,275,rostro
Faces_2_0352,125,336,2,257,rostro
Faces_2_0353,121,325,22,255,rostro
Faces_2_0354,137,344,16,245,rostro
Faces_2_0355,116,320,9,251,rostro
Faces_2_0356,125,333,42,295,rostro
Faces_2_0357,121,331,15,260,rostro
Faces_2_0358,128,324,14,239,rostro
Faces_2_0359,133,358,8,268,rostro
Faces_2_0360,52,255,19,247,rostro
Faces_2_0361,145,390,7,280,rostro
Faces_2_0362,138,376,12,272,rostro
Faces_2_0363,139,349,7,257,rostro
Faces_2_0364,119,336,15,248,rostro
Faces_2_0365,152,367,20,266,rostro
Faces_2_0366,125,355,7,273,rostro
Faces_2_0367,187,409,3,265,rostro
Faces_2_0368,174,409,6,280,rostro
Faces_2_0369,127,374,9,298,rostro
Faces_2_0370,65,286,20,306,rostro
Faces_2_0371,100,322,3,264,rostro
Faces_2_0372,82,305,28,299,rostro
Faces_2_0373,215,442,32,318,rostro
Faces_2_0374,175,393,17,286,rostro
Faces_2_0375,120,355,5,287,rostro
Faces_2_0376,35,273,8,295,rostro
Faces_2_0377,180,413,10,290,rostro
Faces_2_0378,182,397,27,297,rostro
Faces_2_0379,55,271,9,281,rostro
Faces_2_0380,192,415,4,279,rostro
Faces_2_0381,171,397,26,298,rostro
Faces_2_0382,140,364,11,294,rostro
Faces_2_0383,71,296,22,301,rostro
Faces_2_0384,246,490,16,311,rostro
Faces_2_0385,66,295,16,307,rostro
Faces_2_0386,98,325,3,265,rostro
Faces_2_0387,200,419,14,308,rostro
Faces_2_0388,195,378,33,275,rostro
Faces_2_0389,144,349,22,255,rostro
Faces_2_0390,206,402,26,286,rostro
Faces_2_0391,135,315,7,250,rostro
Faces_2_0392,145,317,34,251,rostro
Faces_2_0393,65,260,8,266,rostro
Faces_2_0394,216,406,15,292,rostro
Faces_2_0395,205,396,12,296,rostro
Faces_2_0396,213,409,14,298,rostro
Faces_2_0397,209,394,22,296,rostro
Faces_2_0398,167,369,20,287,rostro
Faces_2_0399,205,397,22,275,rostro
Faces_2_0400,154,342,38,285,rostro
Faces_2_0401,246,444,31,286,rostro
Faces_2_0402,190,374,43,278,rostro
Faces_2_0403,145,334,17,266,rostro
Faces_2_0404,176,370,30,282,rostro
Faces_2_0405,210,404,26,283,rostro
Faces_2_0406,191,376,13,254,rostro
Faces_2_0407,197,395,36,289,rostro
Faces_2_0408,155,339,28,274,rostro
Faces_2_0409,154,342,24,269,rostro
Faces_2_0410,167,357,34,283,rostro
Faces_2_0411,155,335,32,267,rostro
Faces_2_0412,229,421,39,294,rostro
Faces_2_0413,228,423,37,284,rostro
Faces_2_0414,217,407,23,280,rostro
Faces_2_0415,154,347,32,284,rostro
Faces_2_0416,212,408,50,301,rostro
Faces_2_0417,239,442,14,276,rostro
Faces_2_0418,70,277,51,294,rostro
Faces_2_0419,184,395,53,303,rostro
Faces_2_0420,124,342,10,269,rostro
Faces_2_0421,181,395,15,270,rostro
Faces_2_0422,138,335,15,269,rostro
Faces_2_0423,127,335,11,271,rostro
Faces_2_0424,103,313,45,292,rostro
Faces_2_0425,118,329,6,257,rostro
Faces_2_0426,113,326,3,260,rostro
Faces_2_0427,139,353,15,276,rostro
Faces_2_0428,183,403,46,309,rostro
Faces_2_0429,79,286,28,269,rostro
Faces_2_0430,117,330,15,271,rostro
Faces_2_0431,119,327,16,262,rostro
Faces_2_0432,117,322,14,251,rostro
Faces_2_0433,193,400,24,281,rostro
Faces_2_0434,127,337,13,268,rostro
Faces_2_0435,213,418,20,269,rostro
Motorbikes_16_0001,31,233,19,141,moto
Motorbikes_16_0002,32,232,15,142,moto
Motorbikes_16_0003,30,234,20,143,moto
Motorbikes_16_0004,30,231,15,132,moto
Motorbikes_16_0005,31,232,19,145,moto
Motorbikes_16_0006,32,231,20,142,moto
Motorbikes_16_0007,33,230,16,121,moto
Motorbikes_16_0008,31,232,17,125,moto
Motorbikes_16_0009,31,231,18,133,moto
Motorbikes_16_0010,32,233,18,127,moto
Motorbikes_16_0011,31,233,19,135,moto
Motorbikes_16_0012,32,232,19,141,moto
Motorbikes_16_0013,34,232,18,132,moto
Motorbikes_16_0014,32,233,18,126,moto
Motorbikes_16_0015,32,231,18,127,moto
Motorbikes_16_0016,32,232,18,133,moto
Motorbikes_16_0017,31,232,17,125,moto
Motorbikes_16_0018,32,232,14,135,moto
Motorbikes_16_0019,32,232,16,130,moto
Motorbikes_16_0020,31,234,17,139,moto
Motorbikes_16_0021,33,231,20,135,moto
Motorbikes_16_0022,38,230,19,131,moto
Motorbikes_16_0023,32,230,18,135,moto
Motorbikes_16_0024,33,230,25,133,moto
Motorbikes_16_0025,29,231,18,134,moto
Motorbikes_16_0026,36,240,27,158,moto
Motorbikes_16_0027,37,233,24,146,moto
Motorbikes_16_0028,36,232,27,146,moto
Motorbikes_16_0029,30,230,22,134,moto
Motorbikes_16_0030,38,235,24,138,moto
Motorbikes_16_0031,30,233,15,129,moto
Motorbikes_16_0032,32,231,19,133,moto
Motorbikes_16_0033,31,231,23,154,moto
Motorbikes_16_0034,32,230,18,131,moto
Motorbikes_16_0035,33,234,22,136,moto
Motorbikes_16_0036,32,230,16,113,moto
Motorbikes_16_0037,32,230,16,112,moto
Motorbikes_16_0038,32,233,18,137,moto
Motorbikes_16_0039,34,235,23,143,moto
Motorbikes_16_0040,32,235,24,139,moto
Motorbikes_16_0041,34,234,23,149,moto
Motorbikes_16_0042,35,234,23,146,moto
Motorbikes_16_0043,32,232,19,146,moto
Motorbikes_16_0044,32,235,25,146,moto
Motorbikes_16_0045,34,235,28,145,moto
Motorbikes_16_0046,34,233,21,177,moto
Motorbikes_16_0047,32,232,18,133,moto
Motorbikes_16_0048,32,231,15,115,moto
Motorbikes_16_0049,33,231,16,111,moto
Motorbikes_16_0050,33,234,22,116,moto
Motorbikes_16_0051,33,231,14,115,moto
Motorbikes_16_0052,31,232,26,145,moto
Motorbikes_16_0053,32,232,18,125,moto
Motorbikes_16_0054,35,234,21,143,moto
Motorbikes_16_0055,31,233,25,144,moto
Motorbikes_16_0056,33,234,23,143,moto
Motorbikes_16_0057,33,234,23,141,moto
Motorbikes_16_0058,33,237,24,148,moto
Motorbikes_16_0059,33,233,21,149,moto
Motorbikes_16_0060,35,234,25,144,moto
Motorbikes_16_0061,32,239,23,152,moto
Motorbikes_16_0062,32,235,24,147,moto
Motorbikes_16_0063,35,232,24,143,moto
Motorbikes_16_0064,38,232,23,141,moto
Motorbikes_16_0065,38,238,24,143,moto
Motorbikes_16_0066,37,233,25,150,moto
Motorbikes_16_0067,46,230,26,142,moto
Motorbikes_16_0068,32,232,20,141,moto
Motorbikes_16_0069,32,232,24,167,moto
Motorbikes_16_0070,33,232,23,148,moto
Motorbikes_16_0071,33,234,24,130,moto
Motorbikes_16_0072,34,227,19,139,moto
Motorbikes_16_0073,34,231,20,144,moto
Motorbikes_16_0074,35,232,23,149,moto
Motorbikes_16_0075,32,232,22,141,moto
Motorbikes_16_0076,38,238,20,155,moto
Motorbikes_16_0077,36,234,31,142,moto
Motorbikes_16_0078,41,239,29,147,moto
Motorbikes_16_0079,32,231,1,139,moto
Motorbikes_16_0080,32,230,12,125,moto
Motorbikes_16_0081,31,233,2,140,moto
Motorbikes_16_0082,34,231,15,113,moto
Motorbikes_16_0083,34,229,16,109,moto
Motorbikes_16_0084,34,231,17,108,moto
Motorbikes_16_0085,34,231,25,120,moto
Motorbikes_16_0086,33,230,24,120,moto
Motorbikes_16_0087,35,231,16,109,moto
Motorbikes_16_0088,33,229,16,120,moto
Motorbikes_16_0089,33,231,18,117,moto
Motorbikes_16_0090,35,230,17,109,moto
Motorbikes_16_0091,34,230,23,129,moto
Motorbikes_16_0092,33,231,19,126,moto
Motorbikes_16_0093,34,228,25,120,moto
Motorbikes_16_0094,34,229,18,116,moto
Motorbikes_16_0095,34,232,18,118,moto
Motorbikes_16_0096,35,229,19,126,moto
Motorbikes_16_0097,30,227,33,175,moto
Motorbikes_16_0098,33,234,31,153,moto
Motorbikes_16_0099,34,230,22,116,moto
Motorbikes_16_0100,31,231,17,122,moto
Motorbikes_16_0101,33,231,22,149,moto
Motorbikes_16_0102,32,230,18,152,moto
Motorbikes_16_0103,32,230,27,151,moto
Motorbikes_16_0104,32,231,17,129,moto
Motorbikes_16_0105,35,232,15,132,moto
Motorbikes_16_0106,32,231,21,133,moto
Motorbikes_16_0107,28,232,29,153,moto
Motorbikes_16_0108,32,233,21,137,moto
Motorbikes_16_0109,31,230,21,137,moto
Motorbikes_16_0110,30,231,23,147,moto
Motorbikes_16_0111,30,231,14,122,moto
Motorbikes_16_0112,32,231,15,125,moto
Motorbikes_16_0113,37,234,24,164,moto
Motorbikes_16_0114,38,230,22,157,moto
Motorbikes_16_0115,34,231,23,144,moto
Motorbikes_16_0116,35,230,21,147,moto
Motorbikes_16_0117,33,229,25,152,moto
Motorbikes_16_0118,32,233,20,132,moto
Motorbikes_16_0119,33,229,25,140,moto
Motorbikes_16_0120,33,231,20,129,moto
Motorbikes_16_0121,32,230,18,128,moto
Motorbikes_16_0122,32,231,20,126,moto
Motorbikes_16_0123,33,231,15,114,moto
Motorbikes_16_0124,37,229,21,144,moto
Motorbikes_16_0125,34,232,18,123,moto
Motorbikes_16_0126,35,229,20,126,moto
Motorbikes_16_0127,32,231,22,143,moto
Motorbikes_16_0128,33,231,22,137,moto
Motorbikes_16_0129,35,228,17,118,moto
Motorbikes_16_0130,35,233,22,141,moto
Motorbikes_16_0131,31,229,22,131,moto
Motorbikes_16_0132,35,229,16,115,moto
Motorbikes_16_0133,34,228,17,111,moto
Motorbikes_16_0134,34,226,22,133,moto
Motorbikes_16_0135,33,230,22,125,moto
Motorbikes_16_0136,34,230,18,113,moto
Motorbikes_16_0137,33,231,22,144,moto
Motorbikes_16_0138,36,233,25,147,moto
Motorbikes_16_0139,36,228,30,165,moto
Motorbikes_16_0140,38,226,25,146,moto
Motorbikes_16_0141,33,230,18,118,moto
Motorbikes_16_0142,33,231,20,150,moto
Motorbikes_16_0143,41,224,25,137,moto
Motorbikes_16_0144,33,230,20,122,moto
Motorbikes_16_0145,40,218,17,108,moto
Motorbikes_16_0146,37,232,25,139,moto
Motorbikes_16_0147,36,229,24,136,moto
Motorbikes_16_0148,39,229,23,127,moto
Motorbikes_16_0149,31,229,24,139,moto
Motorbikes_16_0150,29,231,26,128,moto
Motorbikes_16_0151,32,230,21,118,moto
Motorbikes_16_0152,34,227,28,166,moto
Motorbikes_16_0153,37,235,32,158,moto
Motorbikes_16_0154,54,208,44,130,moto
Motorbikes_16_0155,32,233,20,130,moto
Motorbikes_16_0156,32,232,32,154,moto
Motorbikes_16_0157,38,233,22,146,moto
Motorbikes_16_0158,30,231,23,149,moto
Motorbikes_16_0159,38,225,24,134,moto
Motorbikes_16_0160,33,231,25,145,moto
Motorbikes_16_0161,35,233,31,155,moto
Motorbikes_16_0162,35,235,22,135,moto
Motorbikes_16_0163,34,231,14,127,moto
Motorbikes_16_0164,37,228,29,129,moto
Motorbikes_16_0165,34,223,23,138,moto
Motorbikes_16_0166,42,235,13,138,moto
Motorbikes_16_0167,34,226,22,137,moto
Motorbikes_16_0168,37,228,20,134,moto
Motorbikes_16_0169,33,231,25,146,moto
Motorbikes_16_0170,33,231,32,149,moto
Motorbikes_16_0171,34,230,25,153,moto
Motorbikes_16_0172,37,235,21,125,moto
Motorbikes_16_0173,34,229,26,147,moto
Motorbikes_16_0174,35,225,22,147,moto
Motorbikes_16_0175,36,234,14,146,moto
Motorbikes_16_0176,34,229,21,118,moto
Motorbikes_16_0177,36,226,23,145,moto
Motorbikes_16_0178,34,226,23,142,moto
Motorbikes_16_0179,32,229,20,121,moto
Motorbikes_16_0180,37,227,21,136,moto
Motorbikes_16_0181,35,230,30,137,moto
Motorbikes_16_0182,34,229,22,134,moto
Motorbikes_16_0183,34,230,46,161,moto
Motorbikes_16_0184,34,226,24,133,moto
Motorbikes_16_0185,43,226,24,131,moto
Motorbikes_16_0186,44,215,39,165,moto
Motorbikes_16_0187,36,234,26,143,moto
Motorbikes_16_0188,39,233,28,138,moto
Motorbikes_16_0189,34,234,26,137,moto
Motorbikes_16_0190,37,226,24,139,moto
Motorbikes_16_0191,33,225,26,146,moto
Motorbikes_16_0192,36,229,22,138,moto
Motorbikes_16_0193,37,236,25,162,moto
Motorbikes_16_0194,32,229,21,150,moto
Motorbikes_16_0195,34,231,20,140,moto
Motorbikes_16_0196,37,234,23,153,moto
Motorbikes_16_0197,31,232,23,133,moto
Motorbikes_16_0198,36,227,23,138,moto
Motorbikes_16_0199,33,230,22,146,moto
Motorbikes_16_0200,35,230,29,158,moto
Motorbikes_16_0201,26,233,15,139,moto
Motorbikes_16_0202,36,234,11,138,moto
Motorbikes_16_0203,36,236,20,139,moto
Motorbikes_16_0204,32,233,19,162,moto
Motorbikes_16_0205,34,232,21,168,moto
Motorbikes_16_0206,39,236,16,141,moto
Motorbikes_16_0207,37,229,22,132,moto
Motorbikes_16_0208,39,235,4,146,moto
Motorbikes_16_0209,34,230,21,150,moto
Motorbikes_16_0210,41,225,24,140,moto
Motorbikes_16_0211,38,225,23,129,moto
Motorbikes_16_0212,35,226,24,126,moto
Motorbikes_16_0213,41,221,30,148,moto
Motorbikes_16_0214,39,227,35,122,moto
Motorbikes_16_0215,43,221,30,134,moto
Motorbikes_16_0216,39,225,31,136,moto
Motorbikes_16_0217,34,228,35,167,moto
Motorbikes_16_0218,38,219,23,131,moto
Motorbikes_16_0219,41,214,20,112,moto
Motorbikes_16_0220,35,220,43,151,moto
Motorbikes_16_0221,61,210,47,141,moto
Motorbikes_16_0222,33,234,27,147,moto
Motorbikes_16_0223,22,229,26,156,moto
Motorbikes_16_0224,34,228,26,149,moto
Motorbikes_16_0225,30,234,20,153,moto
Motorbikes_16_0226,38,236,10,128,moto
Motorbikes_16_0227,38,226,24,143,moto
Motorbikes_16_0228,37,228,38,132,moto
Motorbikes_16_0229,42,234,25,125,moto
Motorbikes_16_0230,42,235,19,143,moto
Motorbikes_16_0231,28,231,13,149,moto
Motorbikes_16_0232,36,231,19,145,moto
Motorbikes_16_0233,41,231,26,135,moto
Motorbikes_16_0234,34,226,19,135,moto
Motorbikes_16_0235,43,233,13,171,moto
Motorbikes_16_0236,34,229,22,138,moto
Motorbikes_16_0237,47,232,26,136,moto
Motorbikes_16_0238,38,234,24,150,moto
Motorbikes_16_0239,34,230,6,138,moto
Motorbikes_16_0240,37,233,22,150,moto
Motorbikes_16_0241,34,230,17,135,moto
Motorbikes_16_0242,36,232,21,141,moto
Motorbikes_16_0243,38,230,22,135,moto
Motorbikes_16_0244,38,234,15,116,moto
Motorbikes_16_0245,33,230,25,157,moto
Motorbikes_16_0246,39,233,23,144,moto
Motorbikes_16_0247,36,231,25,145,moto
Motorbikes_16_0248,36,231,26,137,moto
Motorbikes_16_0249,34,229,19,131,moto
Motorbikes_16_0250,27,232,22,127,moto
Motorbikes_16_0251,36,220,25,144,moto
Motorbikes_16_0252,36,229,25,142,moto
Motorbikes_16_0253,34,225,29,158,moto
Motorbikes_16_0254,35,232,29,148,moto
Motorbikes_16_0255,38,236,27,144,moto
Motorbikes_16_0256,39,234,16,117,moto
Motorbikes_16_0257,38,223,29,156,moto
Motorbikes_16_0258,43,235,27,141,moto
Motorbikes_16_0259,47,220,26,144,moto
Motorbikes_16_0260,35,234,21,148,moto
Motorbikes_16_0261,39,231,8,128,moto
Motorbikes_16_0262,33,234,16,140,moto
Motorbikes_16_0263,33,232,20,141,moto
Motorbikes_16_0264,33,228,26,150,moto
Motorbikes_16_0265,37,227,24,134,moto
Motorbikes_16_0266,44,230,31,137,moto
Motorbikes_16_0267,34,235,26,151,moto
Motorbikes_16_0268,38,233,34,144,moto
Motorbikes_16_0269,29,231,6,140,moto
Motorbikes_16_0270,27,230,8,123,moto
Motorbikes_16_0271,36,230,20,126,moto
Motorbikes_16_0272,33,231,26,138,moto
Motorbikes_16_0273,36,230,6,131,moto
Motorbikes_16_0274,32,230,7,151,moto
Motorbikes_16_0275,31,230,17,133,moto
Motorbikes_16_0276,31,240,12,131,moto
Motorbikes_16_0277,19,217,12,156,moto
Motorbikes_16_0278,36,235,29,132,moto
Motorbikes_16_0279,38,232,4,139,moto
Motorbikes_16_0280,38,240,12,155,moto
Motorbikes_16_0281,39,231,27,140,moto
Motorbikes_16_0282,45,232,7,120,moto
Motorbikes_16_0283,38,229,16,128,moto
Motorbikes_16_0284,27,226,9,148,moto
Motorbikes_16_0285,34,225,13,144,moto
Motorbikes_16_0286,38,236,15,145,moto
Motorbikes_16_0287,21,217,13,130,moto
Motorbikes_16_0288,37,224,28,154,moto
Motorbikes_16_0289,31,228,18,137,moto
Motorbikes_16_0290,26,230,19,140,moto
Motorbikes_16_0291,34,229,21,126,moto
Motorbikes_16_0292,32,230,22,164,moto
Motorbikes_16_0293,47,224,21,126,moto
Motorbikes_16_0294,38,235,38,138,moto
Motorbikes_16_0295,38,232,25,151,moto
Motorbikes_16_0296,35,230,43,157,moto
Motorbikes_16_0297,35,229,28,147,moto
Motorbikes_16_0298,41,226,26,159,moto
Motorbikes_16_0299,40,226,21,131,moto
Motorbikes_16_0300,31,231,14,138,moto
Motorbikes_16_0301,36,230,13,148,moto
Motorbikes_16_0302,37,228,6,128,moto
Motorbikes_16_0303,38,233,22,141,moto
Motorbikes_16_0304,35,233,36,140,moto
Motorbikes_16_0305,34,232,25,127,moto
Motorbikes_16_0306,37,233,22,140,moto
Motorbikes_16_0307,31,226,16,137,moto
Motorbikes_16_0308,35,226,30,149,moto
Motorbikes_16_0309,35,227,24,146,moto
Motorbikes_16_0310,32,230,11,124,moto
Motorbikes_16_0311,21,220,32,155,moto
Motorbikes_16_0312,35,234,29,129,moto
Motorbikes_16_0313,34,237,20,140,moto
Motorbikes_16_0314,37,229,18,132,moto
Motorbikes_16_0315,37,230,28,138,moto
Motorbikes_16_0316,36,228,22,138,moto
Motorbikes_16_0317,43,233,35,137,moto
Motorbikes_16_0318,33,224,39,161,moto
Motorbikes_16_0319,33,230,20,155,moto
Motorbikes_16_0320,35,229,22,123,moto
Motorbikes_16_0321,38,230,46,145,moto
Motorbikes_16_0322,32,227,38,168,moto
Motorbikes_16_0323,44,225,42,140,moto
Motorbikes_16_0324,39,221,31,118,moto
Motorbikes_16_0325,31,229,9,127,moto
Motorbikes_16_0326,35,231,21,145,moto
Motorbikes_16_0327,36,232,25,167,moto
Motorbikes_16_0328,36,228,1,121,moto
Motorbikes_16_0329,36,228,28,136,moto
Motorbikes_16_0330,38,235,33,148,moto
Motorbikes_16_0331,40,228,28,161,moto
Motorbikes_16_0332,42,231,36,150,moto
Motorbikes_16_0333,33,226,15,125,moto
Motorbikes_16_0334,29,233,8,144,moto
Motorbikes_16_0335,39,225,29,132,moto
Motorbikes_16_0336,38,224,27,142,moto
Motorbikes_16_0337,36,226,23,139,moto
Motorbikes_16_0338,32,232,21,146,moto
Motorbikes_16_0339,40,225,30,146,moto
Motorbikes_16_0340,40,223,24,127,moto
Motorbikes_16_0341,40,223,24,147,moto
Motorbikes_16_0342,36,225,31,137,moto
Motorbikes_16_0343,36,223,27,142,moto
Motorbikes_16_0344,37,226,21,129,moto
Motorbikes_16_0345,35,231,23,132,moto
Motorbikes_16_0346,58,228,21,130,moto
Motorbikes_16_0347,34,228,22,117,moto
Motorbikes_16_0348,38,229,26,144,moto
Motorbikes_16_0349,36,230,19,145,moto
Motorbikes_16_0350,36,233,20,128,moto
Motorbikes_16_0351,34,228,66,196,moto
Motorbikes_16_0352,38,226,28,135,moto
Motorbikes_16_0353,39,226,36,147,moto
Motorbikes_16_0354,38,225,28,151,moto
Motorbikes_16_0355,43,223,40,150,moto
Motorbikes_16_0356,35,226,24,132,moto
Motorbikes_16_0357,37,227,32,164,moto
Motorbikes_16_0358,39,224,29,124,moto
Motorbikes_16_0359,37,225,22,150,moto
Motorbikes_16_0360,35,228,27,144,moto
Motorbikes_16_0361,39,227,35,150,moto
Motorbikes_16_0362,34,225,13,125,moto
Motorbikes_16_0363,37,229,27,153,moto
Motorbikes_16_0364,32,226,24,125,moto
Motorbikes_16_0365,33,229,23,140,moto
Motorbikes_16_0366,34,221,39,162,moto
Motorbikes_16_0367,43,243,18,161,moto
Motorbikes_16_0368,40,239,40,172,moto
Motorbikes_16_0369,44,239,33,151,moto
Motorbikes_16_0370,39,234,29,153,moto
Motorbikes_16_0371,32,228,25,164,moto
Motorbikes_16_0372,33,206,24,131,moto
Motorbikes_16_0373,32,228,24,132,moto
Motorbikes_16_0374,31,231,18,130,moto
Motorbikes_16_0375,41,242,29,137,moto
Motorbikes_16_0376,34,227,26,140,moto
Motorbikes_16_0377,36,222,24,145,moto
Motorbikes_16_0378,37,234,23,135,moto
Motorbikes_16_0379,36,233,33,157,moto
Motorbikes_16_0380,51,233,32,129,moto
Motorbikes_16_0381,41,228,29,135,moto
Motorbikes_16_0382,37,229,31,150,moto
Motorbikes_16_0383,36,227,35,147,moto
Motorbikes_16_0384,36,223,24,123,moto
Motorbikes_16_0385,36,227,32,146,moto
Motorbikes_16_0386,38,226,23,124,moto
Motorbikes_16_0387,34,226,58,153,moto
Motorbikes_16_0388,35,230,22,137,moto
Motorbikes_16_0389,39,226,29,147,moto
Motorbikes_16_0390,35,227,25,149,moto
Motorbikes_16_0391,35,230,17,107,moto
Motorbikes_16_0392,31,230,15,121,moto
Motorbikes_16_0393,35,229,18,123,moto
Motorbikes_16_0394,34,231,12,149,moto
Motorbikes_16_0395,36,230,31,161,moto
Motorbikes_16_0396,34,230,20,128,moto
Motorbikes_16_0397,35,228,52,162,moto
Motorbikes_16_0398,37,227,60,162,moto
Motorbikes_16_0399,38,228,34,170,moto
Motorbikes_16_0400,29,231,18,131,moto
Motorbikes_16_0401,40,227,22,122,moto
Motorbikes_16_0402,49,209,51,127,moto
Motorbikes_16_0403,46,217,58,139,moto
Motorbikes_16_0404,34,230,32,150,moto
Motorbikes_16_0405,34,229,14,107,moto
Motorbikes_16_0406,33,222,23,116,moto
Motorbikes_16_0407,34,232,16,108,moto
Motorbikes_16_0408,31,228,16,113,moto
Motorbikes_16_0409,34,228,18,121,moto
Motorbikes_16_0410,30,226,21,138,moto
Motorbikes_16_0411,33,228,17,127,moto
Motorbikes_16_0412,37,218,25,146,moto
Motorbikes_16_0413,41,225,22,134,moto
Motorbikes_16_0414,39,222,24,136,moto
Motorbikes_16_0415,36,228,23,139,moto
Motorbikes_16_0416,43,226,21,136,moto
Motorbikes_16_0417,42,221,24,131,moto
Motorbikes_16_0418,40,222,25,132,moto
Motorbikes_16_0419,46,222,21,127,moto
Motorbikes_16_0420,41,224,23,134,moto
Motorbikes_16_0421,36,228,23,138,moto
Motorbikes_16_0422,39,223,23,141,moto
Motorbikes_16_0423,39,222,25,133,moto
Motorbikes_16_0424,35,225,25,141,moto
Motorbikes_16_0425,37,226,22,137,moto
Motorbikes_16_0426,31,226,21,138,moto
Motorbikes_16_0427,43,222,22,128,moto
Motorbikes_16_0428,45,220,25,125,moto
Motorbikes_16_0429,46,221,23,125,moto
Motorbikes_16_0430,35,226,19,134,moto
Motorbikes_16_0431,36,226,20,133,moto
Motorbikes_16_0432,36,227,27,142,moto
Motorbikes_16_0433,34,230,23,140,moto
Motorbikes_16_0434,41,222,22,133,moto
Motorbikes_16_0435,42,225,22,124,moto
Motorbikes_16_0436,40,227,23,127,moto
Motorbikes_16_0437,40,224,22,123,moto
Motorbikes_16_0438,42,219,23,122,moto
Motorbikes_16_0439,36,225,26,129,moto
Motorbikes_16_0440,38,224,24,127,moto
Motorbikes_16_0441,41,223,21,125,moto
Motorbikes_16_0442,43,222,29,125,moto
Motorbikes_16_0443,42,223,23,125,moto
Motorbikes_16_0444,35,229,21,126,moto
Motorbikes_16_0445,36,226,23,129,moto
Motorbikes_16_0446,34,229,22,131,moto
Motorbikes_16_0447,34,225,21,126,moto
Motorbikes_16_0448,34,225,25,135,moto
Motorbikes_16_0449,38,227,24,128,moto
Motorbikes_16_0450,33,228,21,126,moto
Motorbikes_16_0451,40,220,23,120,moto
Motorbikes_16_0452,34,230,19,127,moto
Motorbikes_16_0453,38,224,24,123,moto
Motorbikes_16_0454,40,222,24,126,moto
Motorbikes_16_0455,37,225,19,113,moto
Motorbikes_16_0456,37,222,22,113,moto
Motorbikes_16_0457,38,223,23,116,moto
Motorbikes_16_0458,35,229,22,128,moto
Motorbikes_16_0459,39,222,20,126,moto
Motorbikes_16_0460,40,226,17,109,moto
Motorbikes_16_0461,37,225,23,136,moto
Motorbikes_16_0462,40,225,23,133,moto
Motorbikes_16_0463,39,225,24,138,moto
Motorbikes_16_0464,40,223,25,125,moto
Motorbikes_16_0465,40,224,25,126,moto
Motorbikes_16_0466,39,222,25,127,moto
Motorbikes_16_0467,35,229,26,132,moto
Motorbikes_16_0468,42,223,22,122,moto
Motorbikes_16_0469,36,226,27,136,moto
Motorbikes_16_0470,43,220,28,126,moto
Motorbikes_16_0471,40,225,24,129,moto
Motorbikes_16_0472,34,229,22,128,moto
Motorbikes_16_0473,39,226,21,124,moto
Motorbikes_16_0474,36,229,19,138,moto
Motorbikes_16_0475,33,228,21,134,moto
Motorbikes_16_0476,37,226,31,149,moto
Motorbikes_16_0477,34,230,23,129,moto
Motorbikes_16_0478,39,223,23,122,moto
Motorbikes_16_0479,36,228,24,144,moto
Motorbikes_16_0480,39,222,25,139,moto
Motorbikes_16_0481,39,222,26,131,moto
Motorbikes_16_0482,37,223,23,122,moto
Motorbikes_16_0483,37,226,23,127,moto
Motorbikes_16_0484,37,224,25,128,moto
Motorbikes_16_0485,33,226,26,132,moto
Motorbikes_16_0486,34,229,26,131,moto
Motorbikes_16_0487,36,222,22,128,moto
Motorbikes_16_0488,37,223,24,130,moto
Motorbikes_16_0489,35,228,25,136,moto
Motorbikes_16_0490,38,222,22,127,moto
Motorbikes_16_0491,34,225,22,118,moto
Motorbikes_16_0492,36,226,24,128,moto
Motorbikes_16_0493,34,227,23,128,moto
Motorbikes_16_0494,38,226,23,139,moto
Motorbikes_16_0495,35,228,28,137,moto
Motorbikes_16_0496,37,222,48,146,moto
Motorbikes_16_0497,49,216,42,141,moto
Motorbikes_16_0498,32,229,21,133,moto
Motorbikes_16_0499,33,229,21,139,moto
Motorbikes_16_0500,29,231,17,141,moto
Motorbikes_16_0501,46,217,23,125,moto
Motorbikes_16_0502,35,222,43,150,moto
Motorbikes_16_0503,32,234,12,143,moto
Motorbikes_16_0504,43,222,23,123,moto
Motorbikes_16_0505,39,224,23,132,moto
Motorbikes_16_0506,41,238,29,142,moto
Motorbikes_16_0507,38,235,28,142,moto
Motorbikes_16_0508,38,225,26,126,moto
Motorbikes_16_0509,26,234,9,141,moto
Motorbikes_16_0510,42,226,38,157,moto
Motorbikes_16_0511,33,229,21,134,moto
Motorbikes_16_0512,39,226,20,116,moto
Motorbikes_16_0513,34,228,26,134,moto
Motorbikes_16_0514,39,226,30,150,moto
Motorbikes_16_0515,32,229,43,150,moto
Motorbikes_16_0516,37,219,46,152,moto
Motorbikes_16_0517,44,219,26,127,moto
Motorbikes_16_0518,44,209,44,141,moto
Motorbikes_16_0519,29,229,25,136,moto
Motorbikes_16_0520,36,226,22,129,moto
Motorbikes_16_0521,42,224,48,152,moto
Motorbikes_16_0522,35,223,41,137,moto
Motorbikes_16_0523,33,229,24,143,moto
Motorbikes_16_0524,36,230,23,136,moto
Motorbikes_16_0525,36,228,22,125,moto
Motorbikes_16_0526,36,224,31,142,moto
Motorbikes_16_0527,34,230,21,129,moto
Motorbikes_16_0528,34,225,24,151,moto
Motorbikes_16_0529,36,227,23,141,moto
Motorbikes_16_0530,35,217,19,125,moto
Motorbikes_16_0531,35,225,37,151,moto
Motorbikes_16_0532,36,226,39,150,moto
Motorbikes_16_0533,35,222,78,192,moto
Motorbikes_16_0534,38,228,30,158,moto
Motorbikes_16_0535,34,225,22,128,moto
Motorbikes_16_0536,32,228,69,169,moto
Motorbikes_16_0537,37,230,37,163,moto
Motorbikes_16_0538,38,225,47,158,moto
Motorbikes_16_0539,41,214,29,152,moto
Motorbikes_16_0540,36,229,21,130,moto
Motorbikes_16_0541,36,218,27,146,moto
Motorbikes_16_0542,59,225,48,139,moto
Motorbikes_16_0543,51,220,33,135,moto
Motorbikes_16_0544,39,217,34,136,moto
Motorbikes_16_0545,47,217,29,144,moto
Motorbikes_16_0546,39,224,33,142,moto
Motorbikes_16_0547,49,223,24,129,moto
Motorbikes_16_0548,42,217,37,140,moto
Motorbikes_16_0549,42,218,36,142,moto
Motorbikes_16_0550,43,223,28,139,moto
Motorbikes_16_0551,39,218,20,128,moto
Motorbikes_16_0552,46,218,44,145,moto
Motorbikes_16_0553,45,237,24,142,moto
Motorbikes_16_0554,36,224,27,129,moto
Motorbikes_16_0555,40,231,26,143,moto
Motorbikes_16_0556,38,236,26,131,moto
Motorbikes_16_0557,39,229,23,123,moto
Motorbikes_16_0558,40,220,30,137,moto
Motorbikes_16_0559,35,226,8,139,moto
Motorbikes_16_0560,35,228,23,130,moto
Motorbikes_16_0561,38,227,25,128,moto
Motorbikes_16_0562,35,227,47,149,moto
Motorbikes_16_0563,38,227,20,119,moto
Motorbikes_16_0564,42,233,2,136,moto
Motorbikes_16_0565,38,223,47,136,moto
Motorbikes_16_0566,33,225,33,123,moto
Motorbikes_16_0567,33,229,24,144,moto
Motorbikes_16_0568,35,229,21,138,moto
Motorbikes_16_0569,37,226,24,127,moto
Motorbikes_16_0570,38,226,25,123,moto
Motorbikes_16_0571,35,227,26,130,moto
Motorbikes_16_0572,33,215,50,138,moto
Motorbikes_16_0573,34,229,48,152,moto
Motorbikes_16_0574,37,225,61,150,moto
Motorbikes_16_0575,48,221,43,138,moto
Motorbikes_16_0576,35,231,34,129,moto
Motorbikes_16_0577,32,228,75,177,moto
Motorbikes_16_0578,37,224,23,130,moto
Motorbikes_16_0579,39,224,32,134,moto
Motorbikes_16_0580,32,230,28,144,moto
Motorbikes_16_0581,35,227,27,156,moto
Motorbikes_16_0582,37,227,21,127,moto
Motorbikes_16_0583,33,227,32,144,moto
Motorbikes_16_0584,33,218,43,152,moto
Motorbikes_16_0585,41,227,29,131,moto
Motorbikes_16_0586,33,226,23,144,moto
Motorbikes_16_0587,42,224,39,138,moto
Motorbikes_16_0588,41,236,42,156,moto
Motorbikes_16_0589,35,227,21,143,moto
Motorbikes_16_0590,45,220,53,159,moto
Motorbikes_16_0591,44,210,34,159,moto
Motorbikes_16_0592,57,200,60,158,moto
Motorbikes_16_0593,38,220,25,155,moto
Motorbikes_16_0594,39,229,38,159,moto
Motorbikes_16_0595,41,226,42,152,moto
Motorbikes_16_0596,43,217,70,165,moto
Motorbikes_16_0597,52,213,40,132,moto
Motorbikes_16_0598,33,231,60,152,moto
Motorbikes_16_0599,30,226,16,135,moto
Motorbikes_16_0600,35,230,16,112,moto
Motorbikes_16_0601,33,231,13,108,moto
Motorbikes_16_0602,37,228,58,167,moto
Motorbikes_16_0603,42,225,31,155,moto
Motorbikes_16_0604,36,229,52,169,moto
Motorbikes_16_0605,36,228,54,170,moto
Motorbikes_16_0606,36,223,26,153,moto
Motorbikes_16_0607,34,227,55,169,moto
Motorbikes_16_0608,41,221,29,140,moto
Motorbikes_16_0609,39,227,57,176,moto
Motorbikes_16_0610,38,225,25,139,moto
Motorbikes_16_0611,37,229,55,174,moto
Motorbikes_16_0612,37,224,23,151,moto
Motorbikes_16_0613,35,230,27,165,moto
Motorbikes_16_0614,36,230,22,128,moto
Motorbikes_16_0615,33,228,26,153,moto
Motorbikes_16_0616,28,231,19,136,moto
Motorbikes_16_0617,37,220,40,143,moto
Motorbikes_16_0618,40,221,48,145,moto
Motorbikes_16_0619,31,230,81,171,moto
Motorbikes_16_0620,36,213,32,136,moto
Motorbikes_16_0621,24,228,23,149,moto
Motorbikes_16_0622,34,239,23,144,moto
Motorbikes_16_0623,33,231,20,132,moto
Motorbikes_16_0624,38,229,21,113,moto
Motorbikes_16_0625,36,226,25,138,moto
Motorbikes_16_0626,38,223,25,141,moto
Motorbikes_16_0627,36,226,24,142,moto
Motorbikes_16_0628,32,226,25,140,moto
Motorbikes_16_0629,28,228,24,138,moto
Motorbikes_16_0630,34,230,42,133,moto
Motorbikes_16_0631,33,228,31,162,moto
Motorbikes_16_0632,42,223,25,124,moto
Motorbikes_16_0633,40,224,23,125,moto
Motorbikes_16_0634,36,226,50,141,moto
Motorbikes_16_0635,33,229,23,120,moto
Motorbikes_16_0636,33,226,60,170,moto
Motorbikes_16_0637,33,229,38,172,moto
Motorbikes_16_0638,37,228,68,164,moto
Motorbikes_16_0639,35,227,24,139,moto
Motorbikes_16_0640,48,220,76,180,moto
Motorbikes_16_0641,33,226,23,128,moto
Motorbikes_16_0642,36,225,23,138,moto
Motorbikes_16_0643,36,223,31,156,moto
Motorbikes_16_0644,40,219,27,140,moto
Motorbikes_16_0645,34,229,22,148,moto
Motorbikes_16_0646,58,199,65,157,moto
Motorbikes_16_0647,41,219,29,142,moto
Motorbikes_16_0648,35,226,26,135,moto
Motorbikes_16_0649,34,222,28,139,moto
Motorbikes_16_0650,37,228,18,110,moto
Motorbikes_16_0651,38,231,29,157,moto
Motorbikes_16_0652,36,228,25,125,moto
Motorbikes_16_0653,33,227,29,134,moto
Motorbikes_16_0654,32,228,35,145,moto
Motorbikes_16_0655,33,229,22,127,moto
Motorbikes_16_0656,45,214,23,109,moto
Motorbikes_16_0657,33,229,20,135,moto
Motorbikes_16_0658,33,230,23,141,moto
Motorbikes_16_0659,35,229,30,141,moto
Motorbikes_16_0660,32,228,25,164,moto
Motorbikes_16_0661,48,227,42,156,moto
Motorbikes_16_0662,36,225,25,137,moto
Motorbikes_16_0663,34,230,17,119,moto
Motorbikes_16_0664,31,230,17,111,moto
Motorbikes_16_0665,36,229,18,117,moto
Motorbikes_16_0666,36,221,24,127,moto
Motorbikes_16_0667,36,220,31,139,moto
Motorbikes_16_0668,37,224,25,131,moto
Motorbikes_16_0669,39,223,41,159,moto
Motorbikes_16_0670,45,219,36,130,moto
Motorbikes_16_0671,39,229,11,137,moto
Motorbikes_16_0672,34,229,24,147,moto
Motorbikes_16_0673,35,230,26,136,moto
Motorbikes_16_0674,37,225,20,138,moto
Motorbikes_16_0675,39,234,27,147,moto
Motorbikes_16_0676,40,228,24,137,moto
Motorbikes_16_0677,52,209,40,154,moto
Motorbikes_16_0678,34,231,41,150,moto
Motorbikes_16_0679,35,227,26,134,moto
Motorbikes_16_0680,36,229,24,151,moto
Motorbikes_16_0681,36,228,30,156,moto
Motorbikes_16_0682,2,198,28,138,moto
Motorbikes_16_0683,26,227,31,146,moto
Motorbikes_16_0684,39,233,16,152,moto
Motorbikes_16_0685,42,222,29,135,moto
Motorbikes_16_0686,35,229,30,144,moto
Motorbikes_16_0687,30,230,18,134,moto
Motorbikes_16_0688,40,229,32,155,moto
Motorbikes_16_0689,37,222,36,136,moto
Motorbikes_16_0690,33,228,37,152,moto
Motorbikes_16_0691,35,229,22,151,moto
Motorbikes_16_0692,33,231,18,126,moto
Motorbikes_16_0693,39,226,54,143,moto
Motorbikes_16_0694,35,216,23,134,moto
Motorbikes_16_0695,41,215,31,130,moto
Motorbikes_16_0696,48,211,46,137,moto
Motorbikes_16_0697,37,231,22,137,moto
Motorbikes_16_0698,39,230,21,136,moto
Motorbikes_16_0699,38,231,21,130,moto
Motorbikes_16_0700,40,232,28,136,moto
Motorbikes_16_0701,42,231,25,132,moto
Motorbikes_16_0702,38,231,23,135,moto
Motorbikes_16_0703,40,229,24,131,moto
Motorbikes_16_0704,34,227,44,149,moto
Motorbikes_16_0705,33,230,58,156,moto
Motorbikes_16_0706,34,214,23,143,moto
Motorbikes_16_0707,33,229,46,145,moto
Motorbikes_16_0708,38,227,30,148,moto
Motorbikes_16_0709,34,217,29,146,moto
Motorbikes_16_0710,36,226,41,135,moto
Motorbikes_16_0711,33,228,24,144,moto
Motorbikes_16_0712,33,219,29,144,moto
Motorbikes_16_0713,33,230,35,164,moto
Motorbikes_16_0714,40,223,62,164,moto
Motorbikes_16_0715,40,225,61,166,moto
Motorbikes_16_0716,38,226,59,162,moto
Motorbikes_16_0717,37,224,60,164,moto
Motorbikes_16_0718,38,224,50,171,moto
Motorbikes_16_0719,38,225,48,163,moto
Motorbikes_16_0720,39,225,47,166,moto
Motorbikes_16_0721,39,226,46,162,moto
Motorbikes_16_0722,34,230,40,161,moto
Motorbikes_16_0723,34,229,60,158,moto
Motorbikes_16_0724,36,226,63,168,moto
Motorbikes_16_0725,37,229,52,155,moto
Motorbikes_16_0726,42,227,61,162,moto
Motorbikes_16_0727,34,230,50,158,moto
Motorbikes_16_0728,49,225,52,150,moto
Motorbikes_16_0729,48,224,54,149,moto
Motorbikes_16_0730,38,237,27,135,moto
Motorbikes_16_0731,39,228,56,157,moto
Motorbikes_16_0732,35,228,50,158,moto
Motorbikes_16_0733,38,227,54,159,moto
Motorbikes_16_0734,39,229,54,163,moto
Motorbikes_16_0735,41,225,56,153,moto
Motorbikes_16_0736,38,226,52,162,moto
Motorbikes_16_0737,42,226,52,162,moto
Motorbikes_16_0738,37,226,55,165,moto
Motorbikes_16_0739,38,229,53,165,moto
Motorbikes_16_0740,47,220,30,129,moto
Motorbikes_16_0741,39,225,24,149,moto
Motorbikes_16_0742,32,231,75,173,moto
Motorbikes_16_0743,33,231,41,159,moto
Motorbikes_16_0744,39,226,32,149,moto
Motorbikes_16_0745,29,228,24,136,moto
Motorbikes_16_0746,35,228,22,124,moto
Motorbikes_16_0747,39,222,38,148,moto
Motorbikes_16_0748,17,213,20,146,moto
Motorbikes_16_0749,32,229,24,145,moto
Motorbikes_16_0750,36,229,58,174,moto
Motorbikes_16_0751,36,228,60,174,moto
Motorbikes_16_0752,44,222,37,160,moto
Motorbikes_16_0753,39,228,63,180,moto
Motorbikes_16_0754,35,229,24,136,moto
Motorbikes_16_0755,38,232,18,130,moto
Motorbikes_16_0756,35,228,40,129,moto
Motorbikes_16_0757,42,226,46,146,moto
Motorbikes_16_0758,38,224,39,148,moto
Motorbikes_16_0759,32,227,34,145,moto
Motorbikes_16_0760,35,224,37,136,moto
Motorbikes_16_0761,34,223,44,145,moto
Motorbikes_16_0762,36,224,25,136,moto
Motorbikes_16_0763,36,228,23,138,moto
Motorbikes_16_0764,34,230,29,139,moto
Motorbikes_16_0765,37,229,46,163,moto
Motorbikes_16_0766,38,218,55,150,moto
Motorbikes_16_0767,41,221,18,111,moto
Motorbikes_16_0768,34,228,20,123,moto
Motorbikes_16_0769,37,228,20,125,moto
Motorbikes_16_0770,36,230,23,135,moto
Motorbikes_16_0771,36,231,30,121,moto
Motorbikes_16_0772,41,211,39,149,moto
Motorbikes_16_0773,37,224,24,143,moto
Motorbikes_16_0774,33,230,23,132,moto
Motorbikes_16_0775,43,229,21,122,moto
Motorbikes_16_0776,37,230,21,148,moto
Motorbikes_16_0777,41,225,26,140,moto
Motorbikes_16_0778,39,228,25,125,moto
Motorbikes_16_0779,34,226,22,112,moto
Motorbikes_16_0780,34,224,20,118,moto
Motorbikes_16_0781,34,230,31,156,moto
Motorbikes_16_0782,33,230,27,141,moto
Motorbikes_16_0783,35,229,36,134,moto
Motorbikes_16_0784,34,229,25,139,moto
Motorbikes_16_0785,33,231,21,130,moto
Motorbikes_16_0786,36,230,22,135,moto
Motorbikes_16_0787,31,232,18,132,moto
Motorbikes_16_0788,33,230,24,130,moto
Motorbikes_16_0789,35,223,27,117,moto
Motorbikes_16_0790,37,226,37,135,moto
Motorbikes_16_0791,44,221,41,154,moto
Motorbikes_16_0792,35,231,23,124,moto
Motorbikes_16_0793,45,220,49,154,moto
Motorbikes_16_0794,47,218,44,133,moto
Motorbikes_16_0795,44,216,38,135,moto
Motorbikes_16_0796,47,217,40,141,moto
Motorbikes_16_0797,48,211,54,150,moto
Motorbikes_16_0798,42,218,33,140,moto